id,audio,duration_seconds,prediction
a8dda3b156a83b8086d876b5,audio/88cb636155872549886e5cb4.flac,3.759562,ਕੁਲ ਦੁਨੀਆਂ ਚ ਤਾਂ ਕਰੋੜ ਤੋਂ ਵੱਧ ਹੋ ਗਏ ਹੋਣਗੇ
a20f376dc525f425fa8d88b0,audio/f016e4a3fa4cee5318813023.flac,2.559563,ਜੋ ਕਿ ਹੁਣ ਸੰਭਵ ਨਹੀਂ ਹੈ
c37839dec67ca9ed7e7024e0,audio/6906d4d02f23a8c38022461f.flac,7.76,ਵੇਖਦੇ ਹਾਂ ਉਹ ਦਿਨ ਕਦ ਆਵੇਗਾ
47d282bde41072f56e2168a1,audio/c40acaee7e37ec40960df738.flac,5.399563,ਨਾਲ ਲੱਗਦੇ ਕੋਠਿਆਂ ਤੇ ਚੁਬਾਰਿਆਂ ਉਤੇ ਲੋਕ ਚੜ੍ਹੇ ਖੜ੍ਹੇ ਸਨ
53c3294d177008a2a33f8927,audio/fbf0e254b19692dffb3df4c1.flac,5.039562,ਆਸਟ੍ਰੇਲੀਆ ਦੇ ਮੁਕਾਬਲੇ ਅਮਰੀਕਾ ਦੀ ਟੀਮ ਦੇ ਜਾਫੀਆਂ ਨੇ ਜੱਫੇ ਲਾਏ
66d0aa429bf8641cd8fa4dd9,audio/beef3c497c0411f6b4de1c6b.flac,8.98,ਵੈਸਾਖੀ ਦਾ ਤਿਉਹਾਰ ਭਾਰਤ ਵਿਚ ਕਿਸੇ ਨਾ ਕਿਸੇ ਰੂਪ ਵਿਚ ਮਨਾਇਆ ਜਾਂਦਾ ਹੈ
9af0e35f25a7f1ebff29fbc5,audio/05a889b460dd2d9748a470c4.flac,7.319562,ਇਹ ਏਜੰਸੀ ਪਾਕਿਸਤਾਨ ਮੂਲ ਦੇ ਇਸ ਅਮਰੀਕੀ ਨਾਗਰਿਕ ਦੀਆਂ ਬੀਤੇ ਸਮੇਂ ਦੀਆਂ
d8cb9a43d5415e0911ecd5fd,audio/d18cd1afea15876d289226fa.flac,6.22,ਵੋਟਾਂ ਦੀ ਗਿਣਤੀ ਵਾਸਤੇ ਕਾਂਊਟਿੰਗ ਸਟਾਫ ਤਾਇਨਾਤ
e215346f937c042e3c52588c,audio/8583761e5da3b8b524821a58.flac,5.079562,ਪੰਜਾਬ ਦੇ ਇਸ ਪਿੰਡ ਨਾਲ ਕੁਝ ਕੁ ਹੋਰ ਨਾਮ ਵੀ ਜੁੜੇ ਹੋਏ ਹਨ
99a0c0f021036fe882da9f49,audio/e5c853ccfa69396f5b6ce43e.flac,6.239562,ਉਨ੍ਹਾਂ ਭਰੋਸਾ ਦਿੱਤਾ ਕਿ ਆਉਂਦੇ ਮਹੀਨਿਆਂ ਵਿੱਚ ਸਰਕਾਰ ਕੁਝ ਸਖ਼ਤ ਫੈਸਲੇ ਲਏਗੀ
4c6b6ff1395d970ae152c180,audio/1a1d39c8e9f5cc9357fbdd06.flac,5.879562,ਹੋਰ ਜਾਣਕਾਰੀ ਆਪਦੇ ਵਾਰਡ ਅਤੇ ਸਿਟੀ ਦੇ ਇਲੈਕਸ਼ਨ ਵਿਭਾਗ ਤੋਂ ਲਵੋ
c8ee48e16befee0a771d4467,audio/91cf06f1f2382f625dd59707.flac,5.719563,ਇਹ ਠੀਕ ਹੈ ਕਿ ਮੈਂ ਪੂਰਾ ਸਮਾਂ ਬੱਚਿਆਂ ਨੂੰ ਨਹੀਂ ਦੇ ਪਾਉਂਦਾ
fe6e3cf560530a6ee1555ad7,audio/5f23e3917842185511889ace.flac,2.879563,ਸਿਰ ਦੀ ਵੀ ਜਿਹੜੀ ਸ਼ਬਦ ਸੀ
7a232840620c973d17041a7e,audio/1ddd562edc1a167e23a0dde7.flac,5.759563,ਧਰਮਿੰਦਰ ਸਨੀ ਤੇ ਬੌਬੀ ਤਿੰਨਾਂ ਦੇ ਪੱਗਾਂ ਬੰਨ੍ਹੀਆਂ ਤੇ ਪੰਜਾਬੀ ਅੰਦਾਜ਼ ਚ ਡਾਇਲਾਗ ਬੋਲੇ
4f2e5b9820a7ecc47960e1dc,audio/4d5ff45f9130cd966fec4184.flac,7.599563,ਧਿਆਨ ਰਹੇ ਮਾਲਿਸ਼ ਕਰਦੇ ਸਮੇਂ ਤੁਹਾਡੇ ਹੱਥ ਚਿਹਰੇ ਤੇ ਆਊਟਵਰਡ ਜਾਂ ਅਪਵਰਡ ਹੀ ਚੱਲਣ
490787a7de79453e515dc6ca,audio/c4bb51cf4fa084c7c680e33c.flac,6.839563,ਅੰਪਾਇਰ ਰਸੇਲ ਟਿਫਨ ਅਤੇ ਅਮੀਸ਼ ਸਾਹਿਬਾ ਦੀ ਬ੍ਰਿਟਿਸ਼ ਮੀਡੀਆ ਨੇ ਸਖ਼ਤ ਨਿਖੇਧੀ ਕੀਤੀ ਹੈ
f5f4bb2de10332835573157e,audio/d7f42c023de70865b3e0afbc.flac,6.199562,ਪਹਿਲਾਂ ਮੈਂ ਵੀ ਕਈ ਵਾਰ ਅਖੰਡ ਪਾਠ ਟੱਲੇਵਾਲ ਵਾਲੇ ਸੰਤਾਂ ਤੋਂ ਕਰਵਾਏ ਸਨ
ad3f7c2135b7aa4f6e2cdf4f,audio/dc373ac2bf5af54518287fd0.flac,6.039562,ਕੁੜੀਆਂ ਦੇ ਧੱਕੇ ਚੜ੍ਹਿਆ ਦੋਸਤ ਕਿਸੇ ਟਿਕਾਣੇ ਤਾਂ ਲਗਾਉਣਾ ਹੀ ਸੀ
37560f8869bd19c6da5fa972,audio/141361904f2b360efb7ae009.flac,5.879812,ਹੁਣ ਤੱਕ ਆਈ ਰਿਪੋਰਟ ਮੁਤਾਬਿਕ ਖਿਡਾਰੀ ਡੋਪਿੰਗ ਟੈਸਟ ਵਿਚ ਪਾਜ਼ੇਟਿਵ ਪਾਏ ਗਏ ਹਨ
5c6c216f208c228a7710c7ba,audio/650fd57ef01e10dfaebf8a22.flac,2.919563,ਉਹ ਲੱਖ ਰੁਪਿਆ ਲੈਣ ਉਤੇ ਅੜ ਗਿਆ
c1503793a3e3922852d39638,audio/d5d8ca08c049aecff9622fe2.flac,4.879562,ਸਾਰੇ ਸੰਸਾਰ ਦੀਆਂ ਨਜ਼ਰਾਂ ਇਨ੍ਹਾਂ ਚੋਣਾਂ ਤੇ ਸਨ
c6ce0bed843999e972ae3378,audio/d05a71f44caf8cf1b09095f9.flac,2.919812,ਸੰਕੀਰਨ ਬਹੁਤ ਤੰਗ ਹੈ ਉਹ ਦੁਆਰ
7d9dc100a98120353cd5e5fb,audio/f09c5addbedf4eff5ec8a0f1.flac,3.719562,ਕੇ ਹੁਕਮ ਹੋਵੇ ਹੁਣ ਅਨਾਜ ਚਾਹੀਦਾ ਏ
86ad7b2538c657aed7b24649,audio/76fe276c842ad3ea70cbb8e6.flac,5.039562,ਜੇਕਰ ਇਸ ਦੌਰਾਨ ਚੋਣਾਂ ਆ ਜਾਣ ਤਾਂ ਇਹ ਮੁਲਾਕਾਤ ਵੀ ਨਹੀਂ ਹੋ ਸਕਦੀ
52546f923d419fcaf1137f95,audio/f5673588672ed94aaa8397d3.flac,2.199562,ਇਹ ਹੀ ਹਾਲ ਭੰਨ ਨੂੰ ਦਾ
a21339f5cf3f24bf2a1f1be1,audio/18c072a2094163edf1d2ea2e.flac,5.599563,ਇਸ ਹਮਲੇ ਦੌਰਾਨ ਭੰਨਿਆ ਰਾਮ ਵਾਲੇ ਦੇ ਕੰਨ ਅਤੇ ਨੱਕ ਤੇ ਸੱਟਾਂ ਲੱਗ ਗਈਆਂ
749792696e9ffac98fb9e67e,audio/3e3ad868fc8371ad9585b984.flac,8.079562,ਅਜਿਹੀ ਸਥਿਤੀ ਚ ਖੇਤੀਬਾੜੀ ਹਰ ਸਾਲ ਕਰਜਿਆਂ ਦੇ ਮੱਕੜਜਾਲ ਵਿਚ ਫਸਦੀ ਜਾਂਦੀ ਹੈ
b053dae6975bbd3af3f450f0,audio/64dfc56891f54baf15273e59.flac,7.359563,ਘੱਟ ਗਿਣਤੀਆਂ ਨੂੰ ਆਪਣੀ ਜਾਇਜ਼ ਮੰਗ ਮਨਵਾਉਣ ਲਈ ਵੀ ਕੀ ਕੁਝ ਕਰਨਾ ਪੈਂਦਾ ਹੈ
40ba35db3cae1557ec4b3636,audio/42cb894ecad860787d01e8b5.flac,5.639563,ਡਾਲੀ ਤੇ ਪੁੰਗਰੀਹਵਾ ਤੋਂ ਸੱਜਰੀ ਲਹਿਰ ਹੈ
cc48da0ef0fbe50c7ec89c34,audio/c22b8b38d33b53af5f9acdcc.flac,3.839562,ਗੁਰੂ ਘਰਾਂ ਵੱਲੋਂ ਗੁਰੂ ਕਾ ਲੰਗਰ ਵਰਤ ਰਿਹਾ ਸੀ
77052ae188a307d48b43fbc3,audio/277ee7464521935afd932524.flac,3.479563,ਉਹਦੀ ਪੀਣੀ ਖਰਾਬ ਸੀ ਜੋ ਉਸ ਨੂੰ ਛੇਤੀ ਹੀ ਲੈ ਬੈਠੀ
81243afed7b779027dba954c,audio/0f2a59cbf21b3289ad2f25b4.flac,4.479563,ਹਾਕੀ ਦੀ ਕੋਚਿੰਗ ਬਾਰੇ ਵੀ ਬੜੀਆਂ ਕੰਮ ਦੀਆਂ ਗੱਲਾਂ ਕੀਤੀਆਂ ਹਨ
a600c2c7a86b4e86bf7ed9e0,audio/dccc84f1e19d64fc6a4a155e.flac,5.039562,ਕੁਝ ਦਿਨ ਬਾਅਦ ਸ਼੍ਰੋਮਣੀ ਕਮੇਟੀ ਨੂੰ ਇਸ ਬਾਰੇ ਪੱਤਰ ਵੀ ਮਿਲ ਗਿਆ
6461d2dd3fae4d56c5739942,audio/fa1b941b42addad10de09316.flac,5.079562,ਸਾਡੇ ਬੱਚੇ ਡਰੱਗ ਹਿੰਸਾ ਅਤੇ ਨੈਤਿਕ ਪਤਨ ਵੱਲ ਨੂੰ ਵਧ ਰਹੇ ਹਨ
eef22bd750e96e7cdf652f21,audio/4a33cdd467683a3cdb21e9c0.flac,3.399563,ਕਿਸਾਨਾਂ ਨੇ ਤਾਂ ਕਰ ਕੇ ਹੀ ਖਾਣਾ ਸੀ
26fef866e2d540eabada7df4,audio/365b5b5b7728f56ddf3ab1ca.flac,8.439562,ਗਰੀਸ ਵਿੱਚ ਰਿਣ ਸੰਕਟ ਕਰਕੇ ਇਹ ਰਾਜਨੀਤਕ ਸਮਸਿਆ ਪੈਦਾ ਹੋ ਗਈ ਹੈ
5d5aeb6dccd9a8e44d926d04,audio/42884e70804015280e8314e5.flac,4.999562,ਗੁਰਬਾਣੀ ਉਚਾਰਨ ਕੀਰਤਨ ਕਲਾ ਅਤੇ ਖੇਡਾਂ ਦੇ ਮੁਕਾਬਲੇ ਕਰਵਾਏ ਗਏ
4a6ff4c1d401a7554d5ae01a,audio/21331e89eafe025f794587c2.flac,4.039562,ਗੁਣਵੰਤ ਨੇ ਮੁੜ ਰਵੀ ਨੂੰ ਕੋਈ ਫੋਨ ਨਾ ਕੀਤਾ
dc39231be2c0a7870f7c78f7,audio/9b2a6eaa1d51a0d64fe412b6.flac,6.839563,ਕੁਝ ਇਕਨਾਂ ਨੇ ਇਹ ਵੀ ਕਿਹਾ ਕਿ ਸਾਨੂੰ ਵੰਦਿਆਂ ਵਾਂਗ ਕਬੱਡੀ ਨਹੀਂ ਖਿਡਾਈ ਜਾਂਦੀ
75aa4ba7b1d5ea1c90e4fef3,audio/b58b2270b70bb17e15084313.flac,3.679562,ਪਹਿਲਾ ਰਾਸ਼ਟਰਪਤੀ ਸੀ ਜਿਸ ਤੇ ਮਾਂ ਬਾਪ ਜਿਊਂਦੇ ਸਨ
710fe76e7c8f554d985d365d,audio/fe69c1e3712a873e3cb3cfa7.flac,7.719563,ਨਾਮ ਜਪਣਾ ਕਿਰਤ ਕਰਨੀ ਅਤੇ ਵੰਡ ਛਕਣਾ ਉਨ੍ਹਾਂ ਦੇ ਸੁਨਹਿਰੇ ਅਸੂਲ ਸਨ
7172df257abbf9e2b3bba8fa,audio/1349ee405b4f073aab2d020d.flac,3.999563,ਉਨ੍ਹਾਂ ਨੇ ਮੈਨੂੰ ਜਨਮ ਦਿਨ ਦੀਆਂ ਸ਼ੁਭ ਕਾਮਨਾਵਾਂ ਦਿੱਤੀਆਂ
ff90ca7e03f2b58f76e34c32,audio/b15b0a6121c1fca97ec37264.flac,5.92,ਵੇਖ ਤਾਇਆ ਇਕ ਗੱਲੋਂ ਤਾਂ ਅਮਲੀ ਵੀ ਸੱਚਾ ਹੈ
e1cc68ee3ad232ca6b35a3ea,audio/ab7227278456a1c83373af04.flac,5.239562,ਆਧੁਨਿਕ ਐਕਰੋਬਿਕਸ ਬਾਜੀ ਦਾ ਹੀ ਸੁਧਰਿਆ ਰੂਪ ਹੈ
f9ebb3e289174bd3e64cfa53,audio/a1e772dce146aae5e19e2510.flac,6.519563,ਕਿਸੇ ਖੂਬਸੂਰਤ ਗਜ਼ਲ ਕਵਿਤਾ ਦੀਆਂ ਸਤਰਾਂ ਦੁਹਰਾਈਆਂ ਜਾ ਸਕਦੀਆਂ ਹਨ
507ae8f00a101abde6571bdf,audio/7215a723ff9245bd8968c582.flac,3.479563,ਸਭ ਤੋਂ ਪਹਿਲਾ ਕਦਮ ਹੈ ਖੁਦ ਨੂੰ ਸ਼ਾਂਤ ਕਰਨਾ
5a042caf7a66bbb217547103,audio/bb706a918f9f0be78c715a6f.flac,3.559563,ਉਥੇ ਮੈਂ ਕੁਝ ਸਮਾਂ ਅਰਾਮ ਕੀਤਾ
5cee047f3eedcbef40b0b644,audio/eaec48d655193b0cc1794a85.flac,6.31,ਵੇਖਿਆ ਕਿ ਕੁਦਰਤ ਬੜੀ ਵਚਿੱਤਰ ਤੇ ਬਹੁਰੰਗੀ ਹੈ
10537e98f60944a08ac72df2,audio/4ecd1481e5f1b9c975005ef6.flac,5.799563,ਇਕ ਇਕ ਦੀ ਕੀ ਸਿਫ਼ਤ ਕਰਾਂ ਮੈਂ ਰੱਖਦੀ ਟੌਪ ਅਦਾ ਚ ਸੀ
0c1eb1089c1dc4d55d5ed8db,audio/591e619ceee82ec956d73c85.flac,5.879812,ਇਸ ਖੁਬੀਰ ਦੇ ਪ੍ਰਤੀਹਿੰਸਕ ਅਤੇ ਤਾਨਾਸ਼ਾਹੀਪੂਰਨ ਰਵੱਈਏ ਦੀ ਇਕ ਹੋਰ ਉਦਾਹਰਣ ਹੈ
115870ad18123794e36920af,audio/8730dc7689d9e974f58e2e10.flac,4.319562,ਇਹ ਤਿੱਖੇ ਲੋਕ ਉਸ ਦੀ ਸਿਰਜਣਾ ਨੂੰ ਆਪਣੇ ਨਾਮ ਕਰੀ ਜਾ ਰਹੇ ਹਨ
34703818da655070b2fb845e,audio/359c0fab56e5e50b40792afe.flac,3.079563,ਇਹੀ ਨੀਤੀ ਉਦੋਂ ਅਪਣਾਉਂਦੇ ਹਾਂ
e13b4fd47a16216e2feba150,audio/6e14b5d3de56d00c3acc3b2d.flac,5.439563,ਇਨ੍ਹਾਂ ਦੇ ਆਲੋਚਕ ਇਸ ਸਭ ਕਾਸੇ ਨੂੰ ਬਕਵਾਸ ਮੰਨਦੇ ਹਨ
f1f69857fde9207dab99cb5e,audio/91aee3c429f380612023e1bf.flac,6.799563,ਦੋਹਾਂ ਧਿਰਾਂ ਅਕਾਲੀ ਦਲ ਤੇ ਕਾਂਗਰਸ ਵਲੋਂ ਧੂੰਆਂ ਧਾੜ ਪ੍ਰਗਟ ਕੀਤਾ ਗਿਆ
cb08823e32e41da3f8012b66,audio/231014057ba699f67da5c3c5.flac,3.159562,ਚਾਂਦੀ ਦੇ ਭਾਅ ਵਿੱਚ ਨਰਮੀ ਆਈ ਹੈ
7d3ef0c1b0a9c258d951d3b2,audio/210e13c4783eddf9a259f754.flac,5.559563,ਕਬੱਡੀ ਦੇ ਵਧੀਆ ਮੈਚਾਂ ਸਮੇਂ ਉਸ ਦੀ ਜੋਸ਼ੀਲੀ ਕੁਮੈਂਟਰੀ ਸੋਨੇ ਤੇ ਸਹਾਗਾਂ ਹੁੰਦੀ ਸੀ
c0800d8ea1e615c06bf82740,audio/aeb649e4c7bafa375f0da849.flac,2.399563,ਹੱਥਾਂ ਦੀ ਖੁਸ਼ਕ ਚਮੜੀ ਲਈ
4323321341d512fa9fdcbe9f,audio/0066cd15175da65d3200fe84.flac,4.199562,ਖਾਸ ਤੌਰ ਤੇ ਪਾਰਦਰਸ਼ਤਾ ਨੂੰ ਮੁੱਖ ਰੱਖਣਾ ਚਾਹੀਦਾ ਹੈ
7a8f43609348eae8be06f160,audio/2032adc7e4dd96fd03d1de37.flac,4.799563,ਇਸੇ ਤਰ੍ਹਾਂ ਪੋਸਟ ਗ੍ਰੈਜੂਏਸ਼ਨ ਨੂੰ ਉਹ ਗ੍ਰੈਜੂਏਸ਼ਨ ਕਹਿੰਦੇ ਹਨ
de6db1c1397a10127d3b426f,audio/f583d155878c9f571cbdf3af.flac,6.359563,ਇਸ ਤਰ੍ਹਾਂ ਅਣਪਛਾਤੇ ਸਮਾਨ ਦਾ ਦ੍ਰਿਸ਼ ਕੈਦ ਕਰਦੇ ਸਮੇਂ ਵੀ ਖਤਰੇ ਦੀ ਘੰਟੀ ਵੱਜੇਗੀ
d91733d095b0fede09613885,audio/582a5d57bc3b528f7ebab92f.flac,3.639562,ਨਹੀਂ ਤਾਂ ਮੇਰੇ ਤੋਂ ਬੁਰਾ ਕੋਈ ਨਹੀਂ ਹੋਵੇਗਾ
c8b84f06901dfb5f6f2ccba7,audio/3666f6f3845aba1804673bec.flac,6.439563,ਉਨ੍ਹਾਂ ਨੂੰ ਵਿਦੇਸ਼ ਜਾਣ ਅਤੇ ਪੌਂਡ ਤੇ ਡਾਲਰ ਭੋਟਣ ਦਾ ਲਾਲਚ ਖਿੱਚੀ ਜਾ ਰਿਹੈ
2ffa9c2ada6b7a631790dcd5,audio/8537a7809f2679fbc53ca254.flac,4.399563,ਇਨ੍ਹਾਂ ਸਾਰੇ ਪ੍ਰੋਗਰਾਮਾਂ ਦੀ ਰੂਪ ਰੇਖਾ ਤੋਂ ਸ਼ੁਰੂ ਕਰ ਦਿੱਤੀ ਗਈ ਸੀ
6a9fb2f029ac9fc0bd4d24f0,audio/3fcc07f27000aac1aa7237b3.flac,5.039562,ਇਸ ਨੇ ਇੱਕ ਫਾਇਰ ਉਸ ਦੇ ਪਿਓ ਦੇ ਸਿਰ ਉੱਤੋਂ ਦੀ ਕੱਢ ਦਿੱਤਾ
0a32d60297138630301d4c6c,audio/9ffcb042a80b9af63ff129c4.flac,5.279562,ਧਰਮ ਇਕ ਜੀਵਨ ਜਾਚ ਅਤੇ ਜਿੰਦਗੀ ਨੂੰ ਚੰਗੇਰੇ ਤਰੀਕੇ ਨਾਲ ਜਿਊਣ ਦਾ ਵਸੀਲਾ
613c5360cb6f5232bc71d7f7,audio/2223693570446f5e4f83d1c1.flac,7.519563,ਪਤਰੋਲੀਆਂ ਤੇ ਲੱਗੇ ਚਾਵਲਾਂ ਦੇ ਨਾਲ ਨਾਲ ਕੂੜਾ ਕਰਵਟ ਵੀ ਚਪਟ ਕਰ ਦਿੰਦੇ ਹਨ
ad7db978c2f6fd1c42d464b3,audio/cd8e31c812c5fe0497b5e434.flac,4.639563,ਕੋਈ ਗੁਰੂ ਕੋਈ ਗੱਲਾਂ ਦੇ ਨਾਲ ਚੇਲਾ ਬਣ ਜਾਂਦਾ
009df2897e1a256d1f0be361,audio/43fceb2ec0449e5192a96fd6.flac,6.52,ਵੈਸੇ ਇਸ ਵਾਰ ਵੀ ਹਾਲਾਤ ਪਿਛਲੀ ਵਾਰ ਵਰਗੇ ਹੀ ਨਜ਼ਰ ਆ ਰਹੇ ਹਨ
c56ca1960e36daccb72ddbbc,audio/8554b152707d81d94b08e3d0.flac,5.159562,ਅਕਾਲੀ ਤਾਂ ਲੋਕਾਂ ਚੱਲੋ ਪੁੱਤਾ ਮੁੜੋ ਵਾਲੀ ਨੀਤੀ ਉਤੇ ਚੱਲਦੇ ਹਨ
a3ac5d71bceac2f18389c923,audio/1ea28c46385608508b77ec46.flac,3.719562,ਸਮਝੋ ਵਿਚਾਰੋ ਅਤੇ ਆਪਣੇ ਜੀਵਨ ਨੂੰ ਸਫਲ ਬਣਾਓ
3c1068912b63eb5cd0607dd7,audio/2e936a0eaddabf6b5cf92a11.flac,5.239562,ਚੋਰ ਛੱਡ ਕੇ ਚੋਰੀਆਂ ਲੁੱਟਾਂ ਸੰਤ ਬਣ ਜਾਂਦੇ
9b14e3256f3ef9727315c361,audio/529a17fd8a022827ffcc060f.flac,5.079562,ਉਹ ਵੈਨਕੂਵਰ ਚ ਇਕ ਵੱਡਾ ਬਦਲਾਓ ਲਿਆਉਣ ਚ ਸਫ਼ਲ ਵੀ ਰਹੇ ਹਨ
b40299120e4f20fb2095dd32,audio/bddb578853fb9641c810454c.flac,4.04,ਵੈਸੇ ਇਹ ਸਾਰਾ ਕੁੱਝ ਤਾਂ
66234de06191fc6e850826a3,audio/14aab6c6b747e9c2b40bac7c.flac,4.759563,ਨਾਲ ਹੀ ਦਾ ਨਾਂ ਬਾਲੀਵੁੱਡ ਦੀ ਸੁੰਦਰ ਮਤੀਆਂ ਵਿਚ ਸ਼ਾਮਲ ਕੀਤਾ ਜਾਂਦਾ ਹੈ
9ee6b3f1366f108d2639078e,audio/36e2cfd83624558cd1e8b429.flac,3.439563,ਗੁਰਦੁਆਰੇ ਵਿੱਚ ਕਿਸੇ ਨੂੰ ਨੰਗੇ ਸਿਰ ਜਾਣ ਨਹੀ ਦਿੰਦੇ
37ff57b0bc5862733dfa00f0,audio/477a1185a9179c5779a88814.flac,3.279562,ਕਿਉਂਕਿ ਉਨ੍ਹਾਂ ਦੇ ਮਾਰਗ ਬਦਲ ਜਾਂਦੇ ਨੇ
f2d8a3fed5862eee5f6dfa5e,audio/95307be43048ec9386979bc3.flac,9.279563,ਕਿਹਾ ਖੇਡਾਂ ਖੇਡੋ ਤੇ ਖਿਡਾਓ ਐ ਸ਼ਿਕਾਗੋ ਵਾਸੀਓ ਦਿਲੋਂ ਈਰਖਾ ਮੁਕਾਓ ਐ ਸ਼ਿਕਾਗੋ ਵਾਸੀਓ
7da17ea33a37251dd3e26c38,audio/8cf89510806055e770a322f0.flac,5.079562,ਗੀਤ ਸੰਗੀਤ ਪੰਜਾਬੀ ਸਭਿਆਚਾਰ ਦਾ ਇਕ ਇਨੱਖੜਵਾਂ ਅੰਗ ਹੈ
d62cdf673729de7819c3ad25,audio/870ac4d690febc52e40530ca.flac,4.999562,ਉਨ੍ਹਾਂ ਚ ਛੇ ਫੁੱਟ ਤੋਂ ਘੱਟ ਕੋਈ ਹੈ ਨਹੀਂ ਸੀ
e40f2886d6cc4fcf4881d150,audio/bfbb042377dad62ec6f278b5.flac,6.159562,ਸਥਾਨਕ ਖਬਰਾਂ ਅਨੁਸਾਰ ਇਸ ਹਾਦਸੇ ਲਈ ਤਿੰਨ ਬੰਦੂਕਧਾਰੀ ਜ਼ਿੰਮੇਵਾਰ ਹਨ
56b958605f2f11722dbd40b4,audio/e74a5c82f28116ae715b271c.flac,4.719563,ਜਿਨ੍ਹਾਂ ਵਿਰੁੱਧ ਲਾਮਬੱਧ ਅਤੇ ਝੰਡਾ ਚੁੱਕਣ ਦੀ ਲੋੜ ਹੈ
5b578c08a6984e27facccc89,audio/4d04c05555fd049dc957ecbc.flac,9.54,ਵੈਸ਼ਨੂੰ ਲਈ ਵੈਸ਼ਨੂੰ ਅਤੇ ਨਾਨ ਵੈਜ ਲਈ ਮੀਟ ਗਰਿਲ ਕੀਤਾ ਜਾ ਰਿਹਾ ਸੀ
c21226814b91b69ded76c829,audio/d69d4a035f8e5a3e633794c1.flac,6.639563,ਘੱਟ ਗਿਣਤੀ ਕਮਿਸ਼ਨ ਦੀ ਉੱਚ ਤਾਕਤੀ ਕਮੇਟੀ ਵਿੱਚ ਵੀ ਲੰਮਾ ਸਮਾਂ ਮੈਂਬਰ ਰਹੇ
5e4b55ba6a2d6bbb60fedc99,audio/2cd25f783542f8c4a71974ea.flac,6.199562,ਹਰ ਦਿਨ ਚਾਲ ਨਹੀਂ ਅਲਬੇਲੀ ਨਹੀਂ ਹਰ ਦਮ ਜੋਸ਼ ਜਵਾਨ ਨਾ
d85a34029dd11103c1033058,audio/5b84cb5852426863137c790f.flac,3.359563,ਇਕ ਤਾਂ ਉਦੋਂ ਲੋੜਾਂ ਹੀ ਘੱਟ ਹੁੰਦੀਆਂ ਸਨ
2e81503b2b28a131a82c0a34,audio/145a8ce70bad309bec29b598.flac,6.159562,ਖੈਰ ਦੀਪਿਕਾ ਤੇ ਜਾਨ ਵਿਰਾਮ ਅੱਜ ਕਲ੍ਹ ਬਹੁਤ ਦਾ ਸਮਾਂ ਇਕੱਠਿਆਂ ਵਧਾ ਰਹੇ ਹਨ
45fb0a65203aa86a3c3d0b28,audio/ffcc3dfd99d3807d926c05a9.flac,6.999562,ਆਪਣੀਆਂ ਪੜ੍ਹਨ ਦੀਆਂ ਨੀਤੀਆਂ ਅਤੇ ਆਪਣੇ ਆਪ ਤੋਂ ਜੋ ਸਿੱਖਿਆ ਹੈ ਉਸ ਬਾਰੇ ਸੋਚੋ
f12bf6ece4e6b7ac93e08e35,audio/1303768805894c9274232fec.flac,4.319562,ਇਸ ਲਈ ਸਾਰੇ ਉਸ ਨੂੰ ਤਾਈ ਕਹਿ ਕੇ ਸੰਬੋਧਿਤ ਕਰਦੇ ਸਨ
948c9b6c69ce9aca1b8729be,audio/57faff97d8f64f4c2bb6e935.flac,4.239562,ਉਹਦਾ ਖੱਬਾ ਹੱਥ ਉਪਰ ਹੁੰਦਾ ਤੇ ਸੱਜਾ ਹੇਠਾਂ
7001379e9b00f446eecf36f0,audio/ef82f1ff3f7b8cfe4a10fb38.flac,3.159562,ਦਿਲ ਦੀ ਹਰਕਤ ਅਚਾਨਕ ਬੰਦ ਹੋ ਗਈ
72abcf74b2877e2bfa036b74,audio/2b63b0abdec25c8fc7c7bf0e.flac,4.759563,ਸਾਡੀਆਂ ਹੀਰੋਇਨਾਂ ਹਾਲੀਵੁੱਡ ਦੀਆਂ ਸੁੰਦਰੀਆਂ ਤੋਂ ਵਧੇਰੇ ਪ੍ਰਭਾਵਿਧਾਨ
2b3be0d886dafd1685ba8357,audio/c586427201033816b3d24d0a.flac,3.199562,ਕੀ ਅਸੀਂ ਸੱਚਮੁੱਚ ਹੀ ਦੇਸੀ ਹਾਂ
27712218d6551c3b93441aac,audio/7de97d47e5ac514574a31375.flac,2.759812,ਪੰਜਾਬੀ ਦਿੰਦਾ ਸਭ ਨੂੰ ਵਧਾਈ
bbf5f649fa640af04e2c505f,audio/d540fcd9e22485448c2c30da.flac,6.919562,ਕਈ ਵਾਰ ਤਾਂ ਅਜਿਹਾ ਬੰਦਾ ਪਿਛੇ ਆਉਣ ਵਾਲੇ ਨੂੰ ਰਸਤਾ ਵੀ ਨਹੀਂ ਦਿੰਦਾ
62cdddebebe4abb968e15f86,audio/2578e709cebb00d4ef7250cd.flac,3.479563,ਉਨ੍ਹਾਂ ਦੀ ਖੁਸ਼ੀ ਦਾ ਕੋਈ ਟਿਕਾਣਾ ਨਾ ਰਿਹਾ
fb53fba052209f4d38d660b0,audio/4b837e8a5bbdf76053b1bfac.flac,4.839563,ਗੁਰੂ ਸਾਹਿਬ ਨੇ ਵਿਸ਼ੇ ਦੇ ਅਨੁਸਾਰ ਸ਼ਬਦਾਵਲੀ ਵਰਤੀ ਹੈ
d298e175044e0147432868f1,audio/89890b4bf9be08ece6d1d184.flac,6.98,ਵੇਟ ਟ੍ਰੇਨਿੰਗ ਲਈ ਵੇਟ ਸੈੱਟ ਪਿਆ ਸੀ
bb152a6b2164745224932de6,audio/1323ce0c604519ddaabe4455.flac,2.439563,ਇੱਥੇ ਇੱਕ ਗੱਲ ਧਿਆਨ ਯੋਗ ਹੈ
c881c62bea83b059c1f31720,audio/3c296663fe1a6c04f698a246.flac,3.239562,ਕਿਸੇ ਦਾ ਰੂਪ ਨਾ ਹੀ ਧੱਕਣਾ
9f817c3a26adcf3a4278f52d,audio/048f73294760d962339ec5a4.flac,3.159562,ਕੈਂਚੀਆਂ ਮੋਚਨੇ ਸਭ ਢੇਰਾਂ ਤੇ
51cfc5fa35b88ca8ae39315b,audio/309343339b6880237cb84262.flac,7.719563,ਅਸ਼ੋਕ ਚਵਾਨ ਤੇ ਵਿਲਾਸ ਰਾਓ ਦੇਸ਼ ਮੁਕਤੀ ਸਖਸੀਅਤ ਕਾਰ ਉਸ ਨੇ ਅਜਿਹਾ ਕੀਤਾ ਸੀ
199a08722f4ced26dd068211,audio/ebd7076456f2e0f30c55cfd5.flac,5.879562,ਇਕ ਵਾਰ ਮੈਂ ਦੋ ਦਿਨ ਸਕੂਲ ਨਾ ਗਿਆ ਅਤੇ ਘਰ ਵੀ ਪਤਾ ਨਾ ਲੱਗਾ
8310398d63901640416e4de7,audio/624b1fc66a51e315cc4e190d.flac,3.839562,ਇਕ ਤਰ੍ਹਾਂ ਨਾਲ ਉਹ ਮਾਨਵਤਾ ਦੇ ਮਸੀਹੇ ਹਨ
1fe68718055e01038b954f94,audio/8edc1f1ae1414658f4c51a0a.flac,8.679562,ਔਬਰੇ ਮੁਤਾਬਕ ਅਗਲੇ ਵਰ੍ਹਿਆਂ ਅੰਦਰ ਜੀਵਨ ਵਿਸਤਾਰ ਦੀ ਫੀਸਦੀ ਸੰਭਾਵਨਾ ਹੈ
d9394e67297c0c018cf34880,audio/7a10e93a63c3e23641a19300.flac,4.159562,ਥੋੜ੍ਹੀ ਦੇਰ ਸਾਡੇ ਦੋਹਾਂ ਵਿਚਕਾਰ ਚੁੱਪ ਵਰਤ ਗਈ
13060fa55ba307de4c2d59c0,audio/b6fafaa234b3cbe4499246e0.flac,5.359563,ਕਦੇ ਕੁਦਰਤ ਦੇ ਕੰਮਾ ਵਿਚ ਕੁਹਜ ਵੇਖਣ ਨੂੰ ਮਿਲਦਾ ਹੀ ਨਹੀਂ
031b3ba6226021b65a6be5b7,audio/7f099191b8936e7847d90471.flac,4.519812,ਸਫ਼ਾਂ ਚ ਖੁਸ਼ੀ ਭਰੀ ਖੁਸਰਮੁਸਰ ਸੁਣਾਈ ਦਿੰਦੀ ਹੈ
02efcdb841003f0348756eca,audio/5c5dd802b930c5c38dbe6c0d.flac,4.919562,ਅਜਿਹੇ ਸੁਪਨਿਆਂ ਦਾ ਡਰ ਸਾਡੇ ਦਿਲ ਚ ਸਮਾਇਆ ਰਹਿੰਦਾ ਹੈ
a02c65f57aa92f8ec53dbc16,audio/bd6cebb7daa75c5035109991.flac,7.799563,ਤਕਰੀਬਨ ਐਨੇ ਕੁ ਹੀ ਹਸਪਤਾਲ ਦੇ ਸਿਰਕੱਢ ਅਹੁਦੇਦਾਰਾਂ ਨੇ ਇਸ ਕਾਰਜ ਵਿਚ ਭਾਗ ਲਿਆ
6e322888f8a9ce12d80fc6ed,audio/cedb690cd6d9706babd8cc7d.flac,6.279562,ਉਹ ਲੋਕਾਂ ਨੂੰ ਉੱਚ ਨੈਤਿਕ ਕਦਰਾਂਕੀਮਤਾਂ ਅਪਣਾਉਣ ਦਾ ਉਪਦੇਸ਼ ਵੀ ਦਿੰਦੇ ਹਨ
15bcbb9f847c24325dc21873,audio/cdb9efcc6bdb8698f8437387.flac,8.719563,ਕਿਤਾਬ ਦਾ ਤੀਜਾ ਭਾਗ ਡਿਸੈਂਟ ਆਫ਼ ਮੈਨ ਮਨੁੱਖ ਦੀ ਉੱਤਰਉਤਪਤੀ ਨਾਲ ਸ਼ੁਰੂ ਹੁੰਦਾ ਹੈ
623bbeee7c78a44cff562eeb,audio/948a835c47860032698a26fa.flac,3.599813,ਆਰਕੀਟੈਕਟ ਵਿਭਾਗ ਤੋਂ ਦੁਖੀ ਹੈ ਨੇਕਚੰਦ
ca5d2070a814c501996cd459,audio/4db0f11b8fbdd849406e15be.flac,3.919563,ਇਸ ਦਾ ਇਕ ਦਿਨ ਦਾ ਕਿਰਾਇਆ ਹੀ ਇਕ ਕਰੋੜ ਰੁਪਏ ਸੀ
101aeb1e0a8f12da6c030cd7,audio/f48ae1db74a563b561977510.flac,6.039562,ਉਨ੍ਹਾਂ ਲੋਕਾਂ ਨੂੰ ਅਸੀਂ ਖੁਸਰਾ ਜਾਂ ਹਿਜੜਾ ਕਹਿ ਕੇ ਮੁਖਾਤਬ ਹੁੰਦੇ ਹਾਂ
ed663ffe1f90451d8f2a89dd,audio/29e0716c0dfd27526d0459f6.flac,7.4,ਵੇਰੀਕੋਸ ਵੇਨਜ਼ ਦੇ ਸ਼ਿਕਾਰ ਕੌਣ ਲੋਕ ਹੁੰਦੇ ਹਨ
b67b6668374736508feaa286,audio/86e3320c1610ec8b1755dd62.flac,8.45,ਵੈਸਾਖੀ ਨਾਲ ਸਿੱਖ ਕੌਮ ਦਾ ਸਬੰਧ
9112f6cb6c61bd106ef8c0ae,audio/b7adcd577f6f603402d39a1d.flac,4.159562,ਐਨਰਜੀ ਸੇਵਿੰਗ ਫਰਨੇਸ ਜਾਂ ਵਾਟਰ ਹੀਟਰ ਦਾ ਲਗਵਾਉਣਾ
03f11b44d7867b7333cec0a1,audio/f67839124e9debbfedb0a28e.flac,4.599563,ਸੁੰਘਣ ਕ੍ਰਿਆ ਝਟ ਸਰੀਰ ਨੂੰ ਮਨਾ ਕਰ ਦਿੰਦੀ ਹੈ
486f28bacb3842cc5de537f1,audio/515d408256e5720eafa6f188.flac,4.239562,ਪਹਿਲਾਂ ਕਬੂਤਰਾਂ ਵਾਲੇ ਟਰੈਫਲਗਾਰ ਸਕਵੇਅਰ ਗੇੜਾ ਮਾਰਦਾ
d3e9c6ba4ab63b3d31261775,audio/feb4acc0fb135feb5f6df559.flac,9.44,ਵੇਖਣਾ ਕਿਤੇ ਇਮੀਗ੍ਰੇਸ਼ਨ ਵਾਲੇ ਫੇਰ ਨਾ ਕਬੱਡੀ ਵਾਲਿਆਂ ਨੂੰ ਵਖ਼ਤ ਪਾ ਦੇਣ
9e853a084c7d82ad38298b97,audio/8143d5dc71162ffea17c22f5.flac,7.959562,ਚਲੋ ਹੁਣ ਜਾਓਲੈ ਪੁੱਤਰ ਰਣਵੀਰ ਅੱਜ ਮੇਰੇ ਵੱਲੋਂ ਰਾਕਟ ਸਿਉਂ ਦੀ ਪੂਰੀ ਸੇਵਾ ਕਰ
d0fd9c603eeee4d405b792c3,audio/0e0d7960bac24bc266ef4b26.flac,3.279812,ਜਿੱਥੇ ਬਿਜਲੀ ਦੀ ਭਾਰੀ ਵਰਤੋਂ ਹੁੰਦੀ ਹੈ
2618fea0a70adad0386f7593,audio/387be00648602d70ec2c7256.flac,2.359563,ਸ਼ਰਨ ਪੇਕੇ ਪਿੰਡ ਚਲੀ ਗਈ
0aa93cf765d9ae0e64f6c1c2,audio/4f45b233d1d5191b3ba0bd1b.flac,6.319562,ਉਨ੍ਹਾਂ ਕਿਹਾ ਕਿ ਸਿਟੀਜ਼ਨਸ਼ਿਪ ਸਹੁੰ ਚੁੱਕ ਨਿਰੋਲ ਸਿਧਾਂਤਮਕ ਮਾਮਲਾ ਹੈ
f5384968d6ab2f5003befe09,audio/2a9329212f3995b828815f03.flac,5.599563,ਉਹ ਰੋਜ਼ਾਨਾ ਦੋ ਪੈਗ ਸ਼ਰਾਬ ਅਤੇ ਚਿਕਨ ਚਟਮ ਕਰ ਜਾਂਦਾ ਹੈ
2176e20a34af14d83d431745,audio/21ba18f4a264d7b39a28c844.flac,9.199563,ਜ਼ਿਆਦਾਤਰ ਨੌਜਵਾਨਾਂ ਦੇ ਲਈ ਯੁੱਧ ਦਾ ਸੱਦਾ ਬ੍ਰਿਟਿਸ਼ ਸਾਮਰਾਜ ਦੀ ਰੱਖਿਆ ਦਾ ਸੱਦਾ ਸੀ
0157cb650acb6cea6754cc07,audio/bdb4bf18a503eab8bf944e9b.flac,4.159562,ਸੰਤੋਖ ਸਿੰਘ ਗਿਲ ਨੇ ਆਪਣੇ ਅੰਦਾਜ਼ ਵਿਚ ਕਵਿਤਾ ਸੁਣਾਈ
fc00cddddb3fe0c48136caf6,audio/f44bb67d41ba24f5976deed2.flac,3.079563,ਕਬੀਰ ਜੀ ਦਾ ਇਕ ਦੋਹਾ ਹੈ
5fb39f7cd31124a8cd146eb0,audio/b7b5bc6367dd27eb4631798a.flac,3.999563,ਉਨ੍ਹਾਂ ਨਾਲ ਜੋ ਵਾਪਰਿਆ ਹੈ ਸਿੱਖ ਕੌਮ ਲਈ ਬਹੁਤ ਘਾਤਕ ਹੈ
c5b59d544be584d6ff304860,audio/0ff15ed486f644a8f645d1a7.flac,8.39,ਵੈਸੇ ਉਸ ਨੇ ਮੇਰੇ ਕਈ ਨਾਵਲ ਵੀ ਪੜ੍ਹੇ ਹੋਏ ਸਨ
220579750cdd4044271c3a9b,audio/c5556eb87775ec24439a1092.flac,3.439563,ਸਪੇਨ ਦੀ ਟੀਮ ਦਾ ਇਹ ਆਖ਼ਰੀ ਪੂਲ ਮੈਚ ਸੀ
ff0ac70a94d73a1bec522931,audio/a7e517e4f9a3f9e2b589b580.flac,6.319813,ਜਥੇਦਾਰ ਅਵਤਾਰ ਸਿੰਘ ਨੇ ਕਿਹਾ ਕਿ ਗੁਰਬਾਣੀ ਦਾ ਲਕਸ਼ ਮਨੁੱਖ ਨੂੰ ਅੰਤਰਮੁਖੀ ਕਰਨਾ ਹੈ
80850b75dba1d3aec0b1f5c6,audio/d2495cabbee1688f1146de5a.flac,6.519563,ਇਨ੍ਹਾਂ ਬੇਰੁਜ਼ਗਾਰ ਨੌਜਵਾਨਾਂ ਦੇ ਸਾਹਮਣੇ ਆਪਣੀ ਖੇਤੀਬਾੜੀ ਜਾਂ ਮਜ਼ਦੂਰੀ ਕਰਨਾ ਹੀ ਆਖਰੀ ਰਸਤਾ ਹੈ
1cf0e0b6dde32bc0cbe1d8c2,audio/c88122dc8b48c4c3eed856be.flac,7.239562,ਤੇਰੇ ਅੰਦਰ ਹੋਮੇ ਹੰਕਾਰ ਦੀ ਕੰਧ ਸੀ ਜੋ ਤੇਰੇ ਤੇ ਮਾਲਕ ਵਿਚਕਾਰ ਉਸਰੀ ਹੋਈ ਸੀ
4ecb6bb4393d0595576cd651,audio/dd43e0e813038b5dbed71c3d.flac,4.279813,ਇਸ ਤਰ੍ਹਾਂ ਦੀਆਂ ਘਟਨਾਵਾਂ ਹੋਰ ਜ਼ਿਆਦਾ ਵਧ ਸਕਦੀਆਂ ਹਨ
8eda967bd768eae83353561b,audio/c7af4d8968b7dcb22bb60f02.flac,5.82,ਵੇਲੇ ਸਿਰ ਪੈਨਸ਼ਨ ਕਿਵੇਂ ਮਿਲੇਗੀ
15f05ea691add87c2213b08b,audio/cbe7ca8c937b0185a8453b59.flac,3.199562,ਪੰਜਾਬੀ ਸੰਗੀਤ ਪ੍ਰੇਮੀਆਂ ਲਈ ਸੋਗਮਈ ਖਬਰ
26d1de91213b4b5f5037e214,audio/2188d2aad5453741e931728e.flac,6.799563,ਤਿੰਨ ਤਾਰੀਕ ਨੂੰ ਕਰਫਿਊ ਖੁੱਲ੍ਹਾ ਤਾਂ ਉਹ ਜਥੇਦਾਰ ਗੁਰਚਰਨ ਸਿੰਘ ਟੌਹਰਾ ਨੂੰ ਮਿਲੇ
f2e13e2a15ef697f5b799a12,audio/d9cf43340172569b8d8113de.flac,6.479563,ਦੁਨੀਆ ਖ਼ਾਸ ਤੌਰ ਤੇ ਨੌਜਵਾਨ ਤਬਕਾ ਬੇਰੁਜ਼ਗਾਰ ਹੋ ਕੇ ਮੱਖੀਆਂ ਮਾਰਨ ਲੱਗ ਪਿਆ
1146836dca3d5d775a1091fb,audio/41c5ae18137378195bbb4be0.flac,3.559563,ਧੀਆਂ ਪੇਕੇ ਤੀਆਂ ਲਾਵਣ ਆਈਆਂ ਨੇ
8c3b8819e1a8a5dc05aa040c,audio/6a0f063a18b4ae97afd8409e.flac,3.639562,ਇਸ ਤੋਂ ਮਗਰੋਂ ਇਹ ਬੱਚੇ ਭਾਰਤ ਲਿਆਂਦੇ ਜਾਣਗੇ
849a9cbe9d105942f82e7391,audio/a310dcfc126f44c77f04105c.flac,5.279562,ਕਰੋੜਾਂ ਦੀ ਗਿਣਤੀ ਵਿੱਚ ਕਤਲਾਮ ਹੁੰਦਾ ਹੈ
ba98cd401ed8d8dfea056e28,audio/bb41bf46fbe99468c309f622.flac,3.359563,ਉਹ ਬੁੜਬੁੜ ਕਰਦਾ ਸਾਡੇ ਅੱਗੇ ਤੁਰ ਪਿਆ
5700ef67f1d5234c0e904304,audio/c942f85138782f3492ddd820.flac,3.639562,ਸੀਮਾਂ ਉਮਰ ਦੀ ਨਹੀਂ ਸ਼ਹੀਦਾਂ ਦੇ ਲਈ
da4514adfdbe42658bfafc3c,audio/3dd304c11e43cdf00dc90f91.flac,5.919562,ਸ਼ਾਇਦ ਵਕਤ ਨੇ ਉਹਨਾਂ ਨੂੰ ਹਾਸ਼ੀਏ ਤੱਕ ਪੁਚਾ ਦਿੱਤਾ ਏ
ee41debd9bbc74100296e2af,audio/e93f6b36c531d903f77a92e3.flac,4.679563,ਇਹ ਜੋੜਾ ਇਸ਼ਕ ਕਰਨ ਦਾ ਆਸ਼ੀਰਵਾਦ ਲੈ ਰਿਹਾ ਹੈ
12d1859a7ce2c95ea0421705,audio/05e333a65d64c10742157e7d.flac,3.639562,ਆਪਣੀ ਜੋੜੀ ਬਣਾਈ ਅਤੇ ਹੇਠ ਰਹੇ
dec001d37cde66f80bd5c6fc,audio/e117824a0995762ab1cc62ac.flac,5.479563,ਸਾਂਭ ਰੱਖੀ ਹੈ ਰੀਝ ਉਹਨਾਂ ਦੀ ਗੀਤ ਦੀ ਹਰ ਸਤਰ ਵਿਚ
224055ffcf2a74d3f5eb1d43,audio/4e1316b8a2c976fa3202e2b4.flac,4.999562,ਅਗਰ ਕੰਮ ਕਰ ਸਕਦੇ ਹੋ ਤਾਂ ਥੋੜਾ ਉਸ ਦੇ ਮੁਤਾਬਕ ਖਰਚੇ
ba55bd7bbbfdface61dfaa08,audio/bf4f6a352afc7deb70b0616d.flac,3.879563,ਈਸਾਈਆਂ ਦੀ ਕੋਈ ਸ਼ਿਕਾਇਤ ਨਹੀਂ
03d34a9ec75ff1fd9df6cc36,audio/216ba24828f77786288dbc1a.flac,3.919563,ਪਹਿਲਾਂ ਵੀ ਕਈ ਵਾਰ ਪੰਚਾਇਤ ਨੇ ਰਾਜੀ ਨਾਵਾਂ ਕਰਵਾਇਆ ਸੀ
7002ff548b6541104bc8ca5d,audio/8bf2608eaa8fa5bd7c041e17.flac,6.399563,ਹੋਰ ਤਾਂ ਹੋਰ ਪੈਸੰਜਰ ਐਕਸਪ੍ਰੈਸ ਤਾਂ ਹੁਣ ਕੈਂਸਰ ਐਕਸਪ੍ਰੈਸ ਅਖਵਾਉਣ ਲੱਗੀ ਹੈ
a67cd4bdde4dc1e83401e0b5,audio/8faa53591b8688fc2946c766.flac,5.119813,ਹੁਣ ਕਿਹੜੀ ਸੰਗਤ ਉਨ੍ਹਾਂ ਨੂੰ ਜਾਨ ਦੇਣ ਨੂੰ ਕਹਿਣ ਵਾਲੀ ਹੈ
a7f367a3a89394ac4c1addfe,audio/ff5bf7fdf53cf0fb08eb02bf.flac,5.399563,ਇਹ ਸਾਨੂੰ ਸੋਭਾ ਨਹੀਂ ਦਿੰਦਾ ਇਹ ਸਾਨੂੰ ਸੋਭਾ ਨਹੀਂ ਦਿੰਦਾ
5c74b5d9205145c67f88f231,audio/7e5f337b3a7b9b60c6cd881a.flac,2.359563,ਅਸੀਂ ਇਸ ਨੂੰ ਬਦਲ ਨਹੀਂ ਸਕਦੇ
48b1ff30908161a603a55bb2,audio/72049e8653b9222b1f28ae5e.flac,3.959812,ਇਹ ਨੇ ਦੁਨੀਆਂ ਦੇ ਮਾਡਰਨ ਰਾਂਝੇ
07806f96bf764a278cc845d2,audio/669db691d95c8b7804dc8547.flac,5.839563,ਅਫਜ਼ਲ ਸਰ ਮੈਂ ਆਪਣੀ ਟਰਾਂਸਫਰ ਸ਼੍ਰੀਨਗਰ ਜੇਲ੍ਹ ਵਿਚ ਕਰਵਾਉਣਾ ਚਾਹੁੰਦਾ ਹਾਂ
b166b50705159943535dec71,audio/8c1cc772cf6670a8c344a844.flac,6.879812,ਇਸ ਦੇ ਬਾਅਦ ਸ਼ੁਰੂ ਹੋਇਆ ਦੋਹਾਂ ਪਰਿਵਾਰਾਂ ਵਿੱਚ ਆਪਸੀ ਮੇਲ ਮਿਲਾਪ ਦਾ ਸਿਲਸਿਲਾ
eabc5c7bee9cbe7117715c39,audio/b1c2a3bb604c81e710f018cc.flac,3.039563,ਧੰਨ ਦੌਲਤ ਤੇ ਲਾਲਚ ਅੰਦਰ
ff3fd4f518dfa6b52ee9d5e6,audio/38e113e8fb5ed7c2a61003a9.flac,6.919562,ਆਪਣੇ ਨਿਆਣਿਆਂ ਅਤੇ ਔਰਤਾਂ ਵਾਸਤੇ ਉੱਥੇ ਵੇਖਣ ਲਈ ਕੁਝ ਨਹੀਂ ਹੁੰਦਾ
49d05941c0bdb4cac0db82c2,audio/250b5d86d65ca515087d763a.flac,4.439563,ਆਪਣੇ ਹੱਥੀ ਆਪਣਾ ਕੰਮ ਆਪ ਹੀ ਸਵਾਰਨਾ ਚਾਹੀਦਾ ਹੈ
a67e98fb050e6a9ec8621594,audio/c30f559cb3f285668925b1a4.flac,5.559563,ਇੱਥੋਂ ਤੱਕ ਐਨ ਆਈ ਆਈ ਸਮਾਗਮ ਵੀ ਨਹੀਂ ਕਰਵਾ ਸਕੀ
c1b4137dea1bc24c50fe7812,audio/ad01c53801d9a84629df9ae6.flac,4.319562,ਸਾਨੂੰ ਤੁਹਾਡੇ ਸਭਨਾਂ ਦੇ ਸਹਿਯੋਗ ਦੀ ਲੋੜ ਹੈ
0a881f447025f5a95469cb45,audio/3afecce69c952e8ec67b468b.flac,2.759562,ਕਦੇ ਵੀ ਵਾਜਿਬ ਨਹੀਂ ਲੱਗਾ
daf85e115d794e44b6aa4653,audio/49d79218519c3c62b83637a3.flac,5.399563,ਖੇਡਾਂ ਰਾਹੀਂ ਜੁੜੇ ਸੱਜਣ ਬੇਲੀ ਤਾਂ ਮੇਰੀਆਂ ਲਿਖਤਾਂ ਦੇ ਪਾਠਕ ਵੀ ਕਾਫੀ ਹਨ
cc7c3f7f16a22adcc305841a,audio/8ab215605e607284bb970f97.flac,5.89,ਵੇਖ ਮਾਸਟਰਾ ਮੇਰੀ ਪੜ੍ਹਾਈ ਦੀ ਗੱਲ ਨਾ ਛੇੜੀਂ
67542dac70b06f4866ed7051,audio/6ad86171b1e402d135e8fc0b.flac,7.34,ਵੇਟ ਲਿਫਟਿੰਗ ਵਿਚ ਹੀ ਰਵੀ ਕੁਮਾਰ ਦੇ ਹਿੱਸੇ ਵੀ ਸੋਨੇ ਦਾ ਮੈਡਲ ਆਇਆ
598ef772db10310353aa196b,audio/bad98df4ce9607ced1823552.flac,3.799562,ਜਿਹੜਾ ਉਨ੍ਹਾਂ ਕੋਲ ਗਿਆ ਉਹ ਕੁਝ ਲੈ ਕੇ ਹੀ ਪਰਤਿਆ
f9c02157b93f905436693763,audio/0e5eabadb1b75e243ad45d61.flac,6.84,ਵੇਲ ਬਣਕੇ ਹਵਾ ਨਾਲ ਉਸਦਾ ਸਰੀਰ ਹਿੱਲਦਾ
925ae03ae4d589ba9a670df4,audio/e641b9ae913d4b4c3f88fd39.flac,4.519563,ਚੌਲਾਂ ਵਾਲੇ ਖੇਤਰਾਂ ਵਿਚ ਮਲਬਾ ਭਰ ਗਿਆ ਸੀ
af0268dfc405da5b7b35372e,audio/91a2df02db23ae29b18204f7.flac,5.439563,ਸਾਡੇ ਸਾਹਿਤ ਕੇਂਦਰ ਦੇ ਕਵੀ ਦੀਆਂ ਕਵਿਤਾਵਾਂ ਇਸ ਵਿੱਚ ਛਪ ਸਕਦੀਆਂ ਸਨ
d3bdd824f96a9cba05890d78,audio/5f4adc6f1758d221a19bc3b4.flac,4.039562,ਪਟਨ ਦੀ ਸੰਗਤ ਸ੍ਰੀ ਗੁਰੂ ਜੀ ਦਾ ਖਾਲਸਾ
44fe6455fbb020cb51607449,audio/1b19adbf41c8ddd52c78b189.flac,4.199562,ਔਰੰਗਜੇਬ ਨੂੰ ਸਬਕ ਸਿਖਾਉਣ ਦੇ ਲਈ
c5bbb8414031366d1e61a034,audio/043bc2be809d324ac08a8110.flac,4.359563,ਇਨ੍ਹਾਂ ਨੂੰ ਕਿਸੇ ਵੀ ਕੀਮਤ ਤੇ ਸਵੀਕਾਰ ਨਹੀਂ ਕੀਤਾ ਜਾ ਸਕਦਾ
a0bba8917c563da9c06176a1,audio/fe2e3d32febb1d9d9cc3870a.flac,6.039562,ਅਸੀਂ ਅੱਜ ਦੇ ਸਮੇਂ ਵਿੱਚ ਇਨ੍ਹਾਂ ਤੋਂ ਟਾਲਾ ਜਰੂਰ ਵੱਟ ਸਕਦੇ ਹਾਂ
a7d8872dbb804d88baed7f3f,audio/5fd0533baf33c870cb82260d.flac,6.56,ਵੋਟਾਂ ਦੇ ਚੱਕਰ ਵਿਚ ਆ ਕੇ ਦੁਬਿਧਾ ਵਿਚ ਨਾ ਪਵੋ
c30680ce41fd78d75b593ce5,audio/9228dd548c7cb3c9565e65b8.flac,3.999563,ਆਸਟ੍ਰੇਲੀਆ ਵਿਚ ਵੀ ਸਭ ਅੱਛਾ ਨਹੀਂ ਸੀ
d2376e80041d2f3a2cb2f0a2,audio/84539d9f980ff0cab6d8e3db.flac,2.839562,ਉਹਨੇ ਜ਼ਮੀਨ ਤੇ ਪੈਰ ਰੱਖਿਆ
a03eed13b7c1d748ce176ea7,audio/acb251a133654c9b58b835f8.flac,5.61,ਵੋਟਾਂ ਜਿਸ ਨੂੰ ਪਾੳ ਪਰ ਦੇਖੋ ਕਿਹੜਾ ਤੁਹਾਡਾ ਕੰਮ ਕਰਦਾ ਹੈ
3772adc11a42cffe781bd5c8,audio/046b47326ce27fe14a5d2e4a.flac,4.719563,ਜਿਸ ਕਰਕੇ ਜਾਂਚ ਸਹੀ ਦਿਸ਼ਾ ਵਿੱਚ ਨਹੀਂ ਸੀ ਹੋ ਪਾਈ
b0de2a3ca1f8b8086295511c,audio/8fc991989ec495143c6bd7a0.flac,2.919563,ਜਾਂਚ ਤੋਂ ਬਾਅਦ ਕੇਸ ਦਰਜ ਕੀਤੇ ਗਏ ਹਨ
d6421436527bc5f2859a1eeb,audio/99485d954474bc2adc4ba839.flac,5.399563,ਅੱਖਾਂ ਦੇ ਦਵਾਬ ਨੂੰ ਮਾਪ ਕੇ ਇਸ ਦਾ ਪਤਾ ਲਗਾਇਆ ਜਾ ਸਕਦਾ ਹੈ
a7f53d02a68fa8bddfb12cfb,audio/1dfa5109dd7d940f56b9aa55.flac,7.879562,ਗੁਰੂਆਂ ਨੇ ਸਭ ਵਿੱਚ ਰੱਬੀ ਜੋਤ ਦਰਸਾਈ ਸੀ ਫਿਰ ਜਾਤਾਂਪਾਤਾਂ ਕਿਵੇਂ ਉੱਚੀਆਂਨੀਵੀਆਂ ਹੋ ਗਈਆਂ
e1b61d9f20b5a7ae01c7828d,audio/8090692cf1f1a7bc307602db.flac,4.319562,ਉਨ੍ਹਾਂ ਦੇ ਚਿਹਰੇ ਤੇ ਕੋਈ ਇਲਾਹੀ ਨੂਰ ਡੁੱਲ ਡੁੱਲ ਪੈਂਦਾ ਸੀ
919b7c93d101578c8393c49d,audio/59a8da8cdd87ef6cb4114262.flac,3.319562,ਅਸੀਂ ਕੋਈ ਮਹੀਨਾ ਭਰ ਪੰਜਾਬ ਵਿਚ ਰਹੇ ਸਾਂ
c02f05396d3bca452249e710,audio/811b5c1ec3a5efc319fbd4f4.flac,2.479563,ਸਭਨਾਂ ਦਾ ਖੂਬ ਮਨੋਰੰਜਨ ਹੋਇਆ
bc8600e41b755667e0b5bc20,audio/387b487bf0621909c459311b.flac,3.279562,ਤੂੰ ਆਪਣੇ ਹਸਬੈਂਡ ਨੂੰ ਇਸ ਬਾਰੇ ਦੱਸਿਆ
da56e872885173be1375af29,audio/09d2fc3a1ed370220d79397b.flac,4.799563,ਗਤਕੇ ਦੇ ਜੌਹਰ ਅਤੇ ਬਾਜ਼ੀਗਰਾਂ ਦੇ ਕਰਤਬ ਵਿਖਾਏ ਗਏ
c8436be3e02d75e78f539173,audio/d009b34d3105591dd842fca2.flac,7.359563,ਆਦਿ ਗਰੰਥ ਦੀ ਭਾਸ਼ਾ ਪੁਰਾਤਨ ਪੰਜਾਬੀ ਅਥਵਾ ਸੰਤ ਭਾਸ਼ਾ ਵਾਲੀ ਹਿੰਦਵੀ ਹੈ
7fac5e5927e7f3ddc7f80807,audio/fc09646ce1d83cee3b5755c7.flac,4.559563,ਤੱਕ ਕਿ ਅਸਮਾਨੀ ਉੱਡਦੇ ਹੋਏ ਪਰਿੰਦਿਆਂ ਨੂੰ
9f201dbe379e55fbba08feba,audio/de05368b8507fa6b1c35ccbf.flac,5.519563,ਡਾਕਟਰ ਤੂੰ ਤਾਂ ਤਕੜਾ ਪਿਆ ਹੈ ਤੈਨੂੰ ਤਾਕਤ ਦੀਆਂ ਗੋਲੀਆਂ ਦੀ ਕੀ ਲੋੜ ਐ
90ed50f9ec50abce144637f3,audio/ed8a911f818456cbd440fabf.flac,2.919563,ਡਾਰਵਿਨ ਵੀ ਉਨ੍ਹਾਂ ਵਿਚੋਂ ਇਕ ਸੀ
51df18e1fc6c9592c12e7043,audio/9e71a02f9408895dd83ee612.flac,2.359563,ਦਿਲਚਸਪੀ ਵਾਲੀ ਗੱਲ ਹੈ ਕਿ
bdd906cea882adb41f3d7ef5,audio/c63d05893f4ffeb653703ac7.flac,7.45,ਵੇਖਣ ਨੂੰ ਨਵੇਂ ਨਜ਼ਾਰੇ ਤੇ ਚੜ੍ਹਨ ਨੂੰ ਰੇਲ ਗੱਡੀ
bb52a2cc1ffbacf05b1c0f8a,audio/c5541746fd5292850445f610.flac,7.439563,ਤਾਲੀਬਾਨ ਨੇ ਬੇਤੁਲਾ ਦੇ ਸਹੁਰੇ ਪਰਿਵਾਰ ਦੇ ਜੀਅ ਮਾਰੇ
c3a2c7d6c884735cd9418004,audio/d93f8ea1a4a8af91e6bf537d.flac,5.919562,ਅੱਗੇ ਬਹਿ ਕੇ ਲੈ ਅੰਗੜਾਈਆਂ ਦਿਲ ਤੇ ਛੁਰੀ ਚਲਾਏ ਜੱਸੀ
288357d743aaf0d20f248781,audio/cdc2a69c41042e55155b65b0.flac,4.839563,ਹਿੰਸਕ ਕਾਰਵਾਈਆਂ ਕਰਕੇ ਅਸੀਂ ਇਸ ਤੇ ਮੋਹਰ ਹੀ ਲਗਾ ਰਹੇ ਹਾਂ
b2185737c8148f291a16077d,audio/c52786d46e122212c6e9c960.flac,5.359563,ਸਟ੍ਰੈਚ ਅਤੇ ਤੇਲ ਦੋਵੇਂ ਨਾ ਹੋਣ ਤੇ ਚਮੜੀ ਸਾਧਾਰਨ ਕਹੀ ਜਾਵੇਗੀ
d039a4c3f5154f1467eeabb6,audio/7fcc6bb6e2ba29a9d4b6d4d8.flac,5.279562,ਗਰਮੀ ਵਿਚ ਵਧੇਰੇ ਸਮਾਂ ਉਹ ਸ਼ਿਕਾਰ ਖੇਡਣ ਅਤੇ ਝੀਲਾਂ ਕੰਡੇ ਗੁਜ਼ਾਰਨਾ ਪਸੰਦ ਕਰਦਾ ਹੈ
8038eef8ea4d1d82ef273cdc,audio/af449bb3cc07543cc2f5a7f7.flac,8.45,ਵੇਖੀਏ ਜਨਵਰੀ ਨੂੰ ਪੰਜਾਬ ਅੰਦਰ ਚੋਣ ਹੋਣੀ ਨਿਯਤ ਹੋਈ ਹੈ
15a19b1129240c0f3b64034a,audio/de2338e7c8cff05d29ff3181.flac,5.359813,ਇਸ ਚ ਕਿਹੜੀ ਟੀਮ ਜਿਤੂਗੀ ਤਾਏ ਨੇ ਮੈਂ ਫਲ ਦੀ ਗੱਲਬਾਤ ਨੂੰ ਅੱਗੇ ਤੋਰਦਿਆਂ ਕਿਹਾ
b8b9262ac08703beb6a2b96b,audio/d35535ae64bc99786e921d13.flac,3.559563,ਕੱਛਿਆਂ ਉਪਰ ਨੰਬਰ ਲੱਗੇ ਹੋਏ ਸਨ
c20fec8ef41648f69b1306d2,audio/96ced51aa5503dd51f8aa0b7.flac,2.839562,ਦੂਜਿਆਂ ਦਾ ਜੀਣਾ ਦੂਬਰ ਕਰੋ
6abc301f56c009dc31168d5e,audio/933aece4c936ee14369c524f.flac,8.86,ਵੇਖ ਤਾਇਆ ਤੁਹਾਡੀਆਂ ਬਾਹਰਲੀਆਂ ਟੀਮਾਂ ਕਿਹੜੀਆਂ ਪੂਰੇ ਦੇਸ਼ ਦੀਆਂ ਬਣੀਆਂ ਹੋਈਆਂ ਹੁੰਦੀਆਂ ਨੇ
30d6ed1c53ab6982b79484ce,audio/1a4ea5a1aa99a4782280c5e2.flac,4.759563,ਇਨ੍ਹਾਂ ਗੱਲਾਂ ਦੇ ਅਰਥਾਂ ਦੀ ਤੈਅ ਤੱਕ ਪਹੁੰਚਣਾ ਬਹੁਤ ਪ੍ਰਭਾਵੀ ਵਿਚਾਰ
34aba38b8e4431254df2b03a,audio/36ead5f762330318ace8e1ae.flac,6.799563,ਕੀ ਦੱਖਣੀ ਏਸ਼ੀਆ ਤੀਸਰੇ ਸੰਸਾਰਿਕ ਯੁੱਧ ਲਈ ਅਖਾੜਾ ਬਣਨ ਜਾ ਰਿਹਾ ਹੈ
c9b612fed8f0016650c7993a,audio/44b3f5400d89d475a38c1591.flac,6.279562,ਖੇਤੀ ਬਾੜੀ ਵਿੱਚ ਸਾਨੂੰ ਮਹੀਨੇ ਤਮਾਹੀ ਛੇ ਮਹੀਨੀ ਪਿਛੋਂ ਝਾੜ ਮਿਲਦਾ ਹੈ
c246fd72bc37e3ab0cccbea8,audio/ac3253821bfdd8e90c4958cf.flac,4.599563,ਜਿੰਨਾ ਚਿਰ ਉਹ ਭੋਜਨ ਗ੍ਰਹਿਣ ਕਰਦਾ ਰਿਹਾ ਕੁਲਵੰਤ ਕੋਲ ਹੀ ਬੈਠੀ ਰਹੀ
36ec50b0aff6db0a449a4f80,audio/0f7f053f6330acfe1fe210b5.flac,2.999563,ਸਾਲਾਨਾ ਸਮਾਗਮ ਚ ਪੁੱਜੇ ਪੱਤਰਕਾਰ
b509ea476451c3a53c7d296a,audio/42cc6cbbdd1ac4ca9ea5823d.flac,5.359563,ਇਸ ਨਾਲ ਰਾਜ ਦੀ ਆਰਥਿਕ ਹਾਲਤ ਵੀ ਮਜ਼ਬੂਤ ਹੋਵੇਗੀ
cedf6058137b2f725a738ca0,audio/da9ff6483511db92d893c23e.flac,3.999563,ਅਨਿਲ ਕਪੂਰ ਵੀ ਬਾਲੀਵੁੱਡ ਚ ਲੰਮੇ ਸਮੇਂ ਤੋਂ ਪਾਰੀ ਖੇਡ ਰਿਹਾ ਹੈ
e03a7f7579074b6a70a7fb9f,audio/8a1eff5c56c6524bce1f4b33.flac,3.559563,ਕੰਗਨਾ ਸ਼ਾਹ ਦੀਆਂ ਸਮੇਂ ਫਜ਼ੂਲ ਖਰਚੀ ਦੇ ਖਿਲਾਫ
cbd50779d71e07f6f122ca4a,audio/c0a20282adc67d6df0172003.flac,5.519563,ਸ਼ਹਿਰ ਵਿਚ ਇਕ ਹਸਪਤਾਲ ਤੇ ਕੁਝ ਇਮਾਰਤਾਂ ਹੀ ਬਚੀਆਂ ਨਜ਼ਰ ਆ ਰਹੀਆਂ ਹਨ
9f526177261e24f1256f1dc3,audio/d957aab6080d20cb6fc55bb3.flac,5.439563,ਹਫ਼ਤੇ ਬਾਅਦ ਮੇਲਾ ਕਰਾਉਣ ਦਾ ਮਤਲਬ ਸੀ ਇਕ ਦੀ ਥਾਂ ਦੋ ਮੇਲੇ
8915e0e7864411c717c969be,audio/7c59a5bbb8c431cb61cf2bd5.flac,6.319562,ਇੰਜ ਨਹੀਂ ਸੀ ਕਿ ਉਸ ਨਾਲ ਇਹ ਸਭ ਕੁਝ ਪਹਿਲੀ ਵਾਰ ਵਾਪਰਿਆ ਸੀ
73528542d3b9138e82cf9365,audio/b57965d64375d66523925fba.flac,5.119562,ਦੇਸ਼ ਦਾ ਕਾਨੂੰਨ ਅਜਿਹੇ ਵਿਆਹਾਂ ਦਾ ਸਮਰਥਨ ਕਰਦਾ ਹੈ
cc08adcb3756b1500b7bd4c8,audio/5ffbc3372701adbff86016ab.flac,4.319562,ਗੁਰ ਸੰਗਤ ਨੂੰ ਸਰਬ ਸੁੱਖ ਦੇਗੂ
dd65e580140f1dd244598853,audio/b8970f941f424c996557a224.flac,4.919562,ਅੰਦਰ ਕਿਵੇਂ ਜਾਓਗੇ ਅੰਦਰ ਜਾਣਾ ਤੇ ਅੱਜ ਅਤੇ ਹੁਣੇ ਹੋਵੇਗਾ
3e8b3b4c32728d48bf17708e,audio/01b76422ccdfc3a87364ed08.flac,6.599563,ਇਸ ਸਬੰਧੀ ਆਈਸੀਪੀ ਦੇ ਬਾਹਰ ਹੀ ਇਕ ਪੰਡਾਲ ਬਣਾਇਆ ਜਾ ਰਿਹਾ ਹੈ
48dd02eb07ea3e4aaf384799,audio/dd6ae22eaa102662000f1172.flac,5.959562,ਕਈ ਵਾਰ ਲੁਟੇਰਿਆਂ ਦੇ ਵੱਖਵੱਖ ਰੂਪਾਂ ਬਾਰੇ ਸੁਣ ਕੇ ਵੀ ਹੈਰਾਨੀ ਹੁੰਦੀ ਹੈ
8435709c21b07ab53f0522ed,audio/cee3d8c9376bbc79b2a71eec.flac,11.33,ਵੈਸੇ ਮੀਲ ਲੰਮੀ ਵਾਕ ਦਾ ਰਿਕਾਰਡ ਬੈਲਜੀਅਮ ਦੇ ਰਾਜਰ ਪਿਟਕੁਇਨ ਦਾ ਸੀ
7db3cdc4e7f5d2c386b40b64,audio/4c3a29825772b188514a887c.flac,4.239562,ਗੁੱਸੇ ਚ ਲਾਲ ਚਹਿਰੇ ਲਈ ਅਤੇ ਨਾਅਰੇ ਲਗਾਉਂਦੇ ਹੋਏ
39bc981d056f739725ad60e4,audio/a22eb84136d2a18b1b046080.flac,4.079813,ਇਕ ਇਕ ਪਿੰਡ ਚ ਕਈ ਕਈ ਭੱਠੀਆਂ ਤਪਦੀਆਂ
dc10c31a399a06f35a6ab574,audio/fd550cb792dea1bbfa939a37.flac,4.119562,ਉਹ ਲੋੜ ਤੋਂ ਵੱਧ ਤੇ ਵੱਡੇ ਮਕਾਨ ਬਣਾਈ ਖਰੀਦੀ ਜਾਣਗੇ
80cb985b7f362352d78d3dd3,audio/83cab23fd664ebb2d743cb60.flac,6.24,ਵੈਸੇ ਇਸ ਤੋਂ ਇਕ ਕੱਪ ਚਾਹ ਵੀ ਬਣਾਈ ਜਾ ਸਕੇਗੀ
01370b6b4a72d924e04e94a8,audio/02a098b247bf2544fb319002.flac,8.47,ਵੇਖ ਵਖਾਈ ਹੁੰਦੀ ਹੀ ਨਹੀਂ ਸੀ ਸੁਖਬੀਰ ਨੇ ਗੱਲ ਸਪਸ਼ਟ ਕੀਤੀ
40a189f3e849f545dd899bc2,audio/164c76ded87bed2854051b0a.flac,2.799562,ਉਹਦੇ ਵਰਗਾ ਈ ਦਿਲ ਖੁੱਲ੍ਹੈ
3c6421d997a35e44a92a8203,audio/f0fe7a5032f431ca6179de5f.flac,4.119562,ਇਹ ਉਸ ਦੀ ਸਫ਼ਲਤਾ ਦਾ ਰਾਜ ਹੈ
67c88b9cdfa957a46a007ffd,audio/0fb6a1fb7c167b54a8f9ed6b.flac,4.839563,ਚਿਦੰਬਰਮ ਤੇ ਦੋਸ਼ ਲਗਾਉਣ ਵਾਲੇ ਮਾਫੀ ਮੰਗਣ ਕਪਿਲ ਸਿੱਬਲ
8bf7d9273dc7e55b7ff611d5,audio/2366bea04d75107f926343ad.flac,6.679563,ਅਸੀਂ ਵੇਖਿਆ ਥਾਣੇ ਦਾ ਮੁਚ ਸਾਡੇ ਇੱਕ ਨੇੜਲੇ ਅਧਿਆਪਕ ਦੋਸਤ ਦਾ ਭਰਾ ਸੀ
285c8c1f8750fb58c5fc73dd,audio/fbe0872d577baf7b5c42f65a.flac,7.239562,ਇਨ੍ਹਾਂ ਦੇ ਵੱਖਵੱਖ ਰੰਗਾਂ ਦੇ ਪਿੱਛੇ ਰੋਗਾਂ ਨਾਲ ਲੜਨ ਵਾਲੇ ਫੋਟੋਕੈਮੀਕਲ ਹੁੰਦੇ ਹਨ
3481e026fbae778b2ede0284,audio/686deb414ac3e7ed08cac0e8.flac,5.559563,ਇਸ ਹਾਕੀ ਗਰਾਊਂਡ ਨੂੰ ਅਮਰੀਕਾ ਦੀ ਨਾਮਵਰ ਸਿਨਕੋਨ ਕੰਪਨੀ ਬਣਾ ਰਹੀ ਹੈ
04d79efe2b03328ae6b09386,audio/315b9f0dff02bb062d2f9de3.flac,9.64,ਵੋਟਾਂ ਦੇ ਬਾਈਕਾਟ ਸਬੰਧੀ ਗਲੀ ਦੇ ਦੋਹੀ ਪਾਸੀ ਲਾਏ ਬੈਨਰ
d92cec28b4fdabbb399a4d21,audio/20778c3c5e6855d6eb8b9184.flac,3.759562,ਉਨ੍ਹਾਂ ਦੇ ਚਿਹਰੇ ਤੇ ਰੂਹਾਨੀ ਚਮਕ ਸੀ
b22189c0ab63b9d6b46074b0,audio/e7f46f1c4ecbad1e0c1f30e1.flac,5.399563,ਜਦੋਂ ਇੱਥੇ ਪਗੜੀ ਉਤਰਦੀ ਹੈ ਤਾਂ ਮਨ ਨੂੰ ਬੜਾ ਦੁੱਖ ਹੁੰਦਾ ਹੈ
513aa0b1ba800967bd83c93c,audio/4c48dcd50e2ed878ed3584df.flac,3.199562,ਪੱਗ ਇਕ ਗਲੈਮਰ ਦਿੱਖ ਚ ਸਾਹਮਣੇ ਆਉਣ ਲੱਗੀ
c70eb42f702ad1639044c49c,audio/cfebd6b0bab619d8e7a0a00d.flac,6.039562,ਅਜਿਹੇ ਲੋਕਾਂ ਦੀ ਦਰਿਆਦਿਲੀ ਅਤੇ ਜੀਵਨ ਹੱਠ ਤੇ ਕੁਰਬਾਨ ਜਾਣ ਨੂੰ ਜੀ ਕਰਦਾ ਏ
f08746ab82f12d9241bc9b4e,audio/ec7409f64927998e8370de71.flac,2.279562,ਕਈ ਮਰ ਵੀ ਸਕਦੇ ਹਨ
b0571f5d847cc4342301bd68,audio/b187717fb2ae730baf0be1de.flac,3.639562,ਇਕ ਨਹੀਂ ਦੋ ਦੋ ਮਰਸਡੀਜ਼ ਬੇਂਜ ਵੀ ਰੱਖੀਆਂ
4383a00726860071f50e34f6,audio/452fa045b6776b366a56e7ec.flac,5.71,ਵੇਖਣਾ ਇਹ ਹੈ ਕਿ ਉਹ ਕੀ ਕਦਮ ਚੁੱਕਦੀ ਹੈ
f69e5f7114af30233eb72e0f,audio/51821442a784571e4358b231.flac,7.2,ਵੇਖੋ ਵੀਰੇ ਦੀ ਸੁਧ ਕਿੰਨੀ ਚੰਗੀ ਹੈ
c190de9820495d2b3de8b275,audio/c306a69864baa407b0a27a89.flac,4.639563,ਸ਼ਕਤੀ ਅਤੇ ਸਟੈਮਿਨਾ ਬਹੁਤ ਵਧੀਆ ਹਨ
0309b7b7e763012d94caea43,audio/b294d696fa2343f8d65cf1f5.flac,4.959562,ਇਨ੍ਹਾਂ ਵਿਚ ਖੁੱਲ੍ਹੀਆਂ ਸੜਕਾਂ ਤੇ ਸੀਵਰੇਜ ਦਾ ਵੀ ਇੰਤਜ਼ਾਮ ਸੀ
a4e02cdf15c5c36c55789aaa,audio/51b271223c9ad91a544250b5.flac,4.359563,ਇਸ ਲਈ ਸਰਕਾਰ ਵਿਸ਼ੇਸ਼ ਕਾਨੂੰਨ ਬਣਾਉਣ ਲਈ ਵੀ ਤਿਆਰ ਹੈ
3ed55c0bbd659f36f8aaa442,audio/15c67c6270230696ffafff99.flac,3.719562,ਐਸ ਜੀ ਪੀ ਸੀ ਵਲੋਂ ਰਵਿਊ ਪਟੀਸ਼ਨ
14c7885e2283576a065b4011,audio/7de618261286b802d6fcd45f.flac,3.759562,ਸਰਕਾਰ ਨੇ ਇਸ ਦਾ ਸਖ਼ਤ ਨੋਟਿਸ ਲਿਆ ਹੈ
7d2c2a5510bd0048da918777,audio/84c0bcbeac7d5d22af831915.flac,5.399563,ਆਸ ਕੀਤੀ ਜਾ ਰਹੀ ਹੈ ਕਿ ਐਤਵਾਰ ਨੂੰ ਇਹ ਫਿਲਮ ਹੋਰ ਵਧੇਰੇ ਕਮਾਈ ਕਰੇਗੀ
b2fef30a9c73afe7a672bce7,audio/9aa9a9a746e064c8eed33760.flac,3.279562,ਆਪਣਾ ਸਾਰਾ ਸਮਾਨ ਇਕੱਠਾ ਕਰ ਲਓ
28fba5f30bb3c8bd9900213f,audio/8bc74e29c09b62633493d03b.flac,4.439563,ਹਵਸ ਦੇ ਨਾਗਾਂ ਨੇ ਡੱਸ ਸਥਿਤੀ ਸੀ ਤਾਂ ਵਰਗੀ ਭੈਣ ਕਿਸੇ ਦੀ
5a7332b4be9c95fa205b0083,audio/3f151a0eb1b9ce1a20102990.flac,3.719562,ਆਇਆ ਨਵਾਂ ਸਾਲ ਅਸੀਂ ਬੈਠ ਖੁਸ਼ੀਆਂ ਮਨਾਣੀਆਂ
bd47f7234b10c91ebf1ea5ed,audio/a0077d52eba3d9fa7f73eec0.flac,7.119562,ਉਨ੍ਹਾਂ ਕਿਹਾ ਕਿ ਅੰਦਰੂਨੀ ਸੁਰੱਖਿਆ ਬਾਰੇ ਮੁੱਖ ਮੰਤਰੀਆਂ ਦੀ ਕਾਨਫਰੰਸ ਇਕ ਸਾਲਾਨਾ ਕਾਰਜ ਹੈ
6778ce554a43a1811a2a8d94,audio/c73548e1f0ff024df2911b8e.flac,7.159562,ਇਸ ਤੋਂ ਇਲਾਵਾ ਪੰਜਾਬ ਨਸ਼ਿਆਂ ਨਾਲ ਸੰਬੰਧਿਤ ਸਿਹਤ ਸਮੱਸਿਆਵਾਂ ਵਿਚ ਵੀ ਕਰਦਾ ਜਾ ਰਿਹਾ ਹੈ
5382713d833aa4744f37e59f,audio/7754a8a9b6a4d6c65d39a01e.flac,6.759563,ਇਸ ਤਰ੍ਹਾਂ ਦੀ ਸਮੱਸਿਆ ਸਾਰੇ ਤੰਗ ਕੱਪੜੇ ਪਹਿਨਣ ਵਾਲਿਆਂ ਨੂੰ ਨਹੀਂ ਹੁੰਦੀ
addf1509f1d2d3bbfbc70c7e,audio/297c899b6cc3e88db6773f0f.flac,6.199562,ਹਰ ਮੁਲਕ ਦੀਆਂ ਸੁੰਦਰ ਔਰਤਾਂ ਜਿਸਮ ਫਿਰੋਸ਼ੀ ਕਰਦੀਆਂ ਹਨ
7c9bc5558b3b46d0500b298f,audio/77fed5898150e814d9e6e5dc.flac,6.199562,ਇਹ ਪੰਜਾਬ ਦੀਆਂ ਪਹਿਲੀਆਂ ਵਿਧਾਨ ਸਭਾ ਚੋਣਾਂ ਹੋਣਗੀਆਂ ਜਦੋਂ ਪਰਵਾਸੀ ਪੰਜਾਬੀ ਵੋਟ ਪਾ ਸਕਣਗੇ
6d7072117c270453445d9498,audio/aa61012ab411ab81c8fca21f.flac,5.76,ਵੈਸੇ ਇਸ ਦੀ ਕੋਈ ਲੋੜ ਹੁੰਦੀ ਨਹੀਂ
f09e9939dc90179d49e2e98c,audio/ae1ed6981d6269a86edc2d29.flac,7.959562,ਚਾਹਾਂ ਉਬਲ ਰਹੀਆਂ ਨੇ ਸਮੋਸੇ ਚਟਣੀਆਂ ਤੇ ਫਲ ਫਰੂਟ ਵਰਤ ਰਹੇ ਨੇ
8535bc7ee405a94394477c7c,audio/852e7815e46689df21602555.flac,2.679562,ਦੇਸ ਗੁਲਾਮ ਹੋ ਜਾਂਦੇ ਹਨ
8e2997f0678b1ca9255d27fb,audio/8f9c6245f17e7aa041675c36.flac,2.959563,ਹੋਰ ਵੀ ਲੁੱਟਾਂ ਮਾਰਾਂ ਕਰਦੇ ਹਨ
e1e541fce9a9f165524329fb,audio/1aa0d331baf9c356d14ec113.flac,4.719563,ਕੈਟਰੀਨਾ ਕੈਫ਼ ਨਾਲ ਤੁਹਾਡੀ ਕੈਮਿਸਟਰੀ ਦਰਸ਼ਕਾਂ ਨੂੰ ਪਸੰਦ ਹੈ
1049723f556669418f1f5813,audio/0c0b78851b841be80e57fabb.flac,3.399563,ਜਿਵੇਂ ਸਕੂਲ ਦੀ ਕਲਾਸ ਵਿੱਚ ਅਸੀਂ ਸਾਰੇ ਦੋਸਤ ਹੁੰਦੇ ਹਾਂ
dc28fe2c2aecb2ed0fa65bff,audio/fcff264f03f4bc22dad70b36.flac,2.559563,ਜੋ ਸੇਵਾ ਕਹੋ ਹਾਜ਼ਰ ਨਾ
1ea4ebe7805f354919e2f6ba,audio/7eb60a05a893a90aed97b26a.flac,6.999562,ਕਿਉਂਕਿ ਇਹ ਕੈਨੇਡਾ ਵਰਗੇ ਦੇਸ਼ ਦੀ ਉਦਾਰਵਾਦੀ ਨੀਤੀ ਅਤੇ ਨਾਗਰਿਕਤਾ ਨਾਲ ਖਿਲਵਾੜ ਹੈ
3a706e494ed8f022afdbe138,audio/b999bf418a7a012b1e797443.flac,5.319562,ਸਿਰਾਂ ਤੇ ਪੰਡਾਂ ਢੋਈਆਂ ਜਾਂਦੀਆਂ ਤੇ ਟੋਕਿਆਂ ਤੇ ਪੱਠੇ ਕੁਤਰੇ ਜਾਂਦੇ
f1708ed8b33c510bb14da20c,audio/449c35980e56e6685bc80578.flac,2.719562,ਤੇ ਰਾਵਣ ਅਜੇ ਵੀ ਜਿੰਦਾ ਹੈ
4b0641b752cfc4f6d14cb23b,audio/931ebae986e3424b7e4cab13.flac,4.039562,ਆਪਣੇ ਉਮੀਦਵਾਰ ਜਿਤਾਉਣ ਤੇ ਜ਼ੋਰ ਲਗਾਉਣ ਦਾ ਹੈ
48799bb540333ead0b46c1d3,audio/71a1ec04a42c6c8d8ec0f4ce.flac,12.01,ਵੇਤਨ ਅਤੇ ਭੱਤਿਆਂ ਬਾਰੇ ਵੀ ਕਮੇਟੀ ਆਪਣੀਆਂ ਸਿਫ਼ਾਰਸ਼ਾਂ ਨਵੰਬਰ ਤੱਕ ਦੇ ਦੇਵੇਗੀ
ea401e7d2b9d5e4946f7695f,audio/a0f359577213ccad36018c96.flac,3.279562,ਚੰਦ ਧਰਤੀ ਦਾ ਤਾਰਾ ਹੈ ਸੂਰਜ ਦਾ ਨਹੀਂ
1d245b8257a5bd494b38f2a1,audio/064b7a8a8e7eddbdb5ebae96.flac,3.759562,ਅਭਿਨਵ ਨੇ ਇਸ ਪ੍ਰਾਪਤੀ ਨਾਲ ਪੰਜਾਬ ਨੂੰ ਵੱਡਾ ਮਾਣ ਬਖਸ਼ਿਆ
08340e529d9b4f58b3547e25,audio/9c78c8f4714eea6952ed7006.flac,6.199562,ਇਹ ਸਾਰਾ ਹੰਗਾਮਾ ਜੰਮੂ ਕਸ਼ਮੀਰ ਵਿਚ ਪੁਲਿਸ ਹਿਰਾਸਤ ਵਿਚ ਹੋਈ ਇੱਕ ਮੌਤ ਕਾਰਨ ਹੋਇਆ
301580726b1b07098d958ee7,audio/5ce1bde8ea729f1c9b56a96b.flac,4.439563,ਟੀਮ ਦਾ ਕੈਪਟਨ ਵੀ ਨਾਮਜਦ ਕਰ ਦਿੱਤਾ ਤੇ ਵਾਈਸ ਕੈਪਟਨ ਵੀ
0153bb127d55ef55e43f49f5,audio/37490a3a2888927112e8206d.flac,7.999562,ਦੇਖਦੇ ਹਾਂ ਕਿ ਇਨ੍ਹਾਂ ਨਾਲ ਜਾਨ ਦੇ ਕੈਰੀਅਰ ਗ੍ਰਾਫ ਚ ਕੀ ਫਰਕ ਪੈਂਦਾ ਹੈ
09c12e4b308f74764e7b9aca,audio/83e82485dc34880f154652f4.flac,6.559563,ਅੱਖਾਂ ਦੀਆਂ ਸਮੱਸਿਆਵਾਂ ਆਮ ਤੌਰ ਤੇ ਕੰਪਿਊਟਰ ਦੇ ਸਾਰੇ ਉਪਭੋਗਤਾਵਾਂ ਨੂੰ ਹੁੰਦੀਆਂ ਹਨ
d301258715c5b066e5926b82,audio/0a2fa084b4c46985d7b100bb.flac,2.519563,ਕੋਈ ਪੈਸਾ ਇਕੱਤਰ ਨਹੀਂ ਕੀਤਾ
508809db5b17439f360eee16,audio/93bcd7e816216901f08c091e.flac,6.879562,ਇਨ੍ਹਾਂ ਨੂੰ ਖਾਸ ਦੇਖਭਾਲ ਦੀ ਲੋੜ ਪੈਂਦੀ ਹੈ ਕਿਉਂਕਿ ਇਹ ਵਾਲ ਸੈਮੀਪਰਮਾਨੈਂਟ ਹੁੰਦੇ ਹਨ
cd2bed8b63fc9a2a3e2c22a4,audio/d7260493310a64b71426a576.flac,3.519563,ਜਿਸ ਵਿਚ ਹਾਲੇ ਯੂਪੀਏ ਅੱਗੇ ਚੱਲ ਰਿਹਾ ਹੈ
93b0579b0847d06b36110939,audio/78b0261f4e07758b87e740d0.flac,5.999562,ਕਿਉਂ ਇੱਥੇ ਤੇਰੀ ਬੇਬੇ ਸੂਈ ਐ ਨਾਲ ਦੇ ਨੇ ਟਾਂਚ ਕੀਤੀ
71bf394509458e3a8d23bcb1,audio/72f6d1b89340511dfa70fc6e.flac,5.999562,ਇਨ੍ਹਾਂ ਬੱਚਿਆਂ ਨਾਲ ਜ਼ਿੰਦਗੀ ਹੀ ਨਹੀਂ ਚਾ ਲਾਰ ਵੀ ਰੁੱਸੇ ਹੋਏ ਹਨ
8257ab8f26731267c13f86fd,audio/c41c94445d77e822c7e2bc5a.flac,2.959563,ਗਾਉਣ ਦਾ ਬੜਾ ਚਾਅ ਸੀ ਛੋਟੇ ਦੇ ਮੁੰਡੇ ਨੂੰ
ab482b333fec4cf1e1dddc41,audio/d94f2891e674ba8617a5474d.flac,8.1,ਵੈਸਾਖੀ ਦਾ ਦਿਨ ਸਿੱਖ ਇਤਿਹਾਸ ਵਿਚ ਇੱਕ ਮਹੱਤਵਪੂਰਨ ਦਿਨ ਹੈ
1ae564d00de9905ae11398e7,audio/f50d64f12143ce7b99e649c8.flac,3.239562,ਤੇ ਫੇਰ ਬਦਲ ਕੀਤਾ ਜਾ ਰਿਹਾ ਹੈ
c4ee7d584178a97dc3290f8c,audio/7003d5d80e74555c160f2f96.flac,4.999562,ਇੰਦਰਾ ਵੀ ਇਸੇ ਸਾਲ ਜੰਮੀ ਸੀ ਜੋ ਮਗਰੋਂ ਇੰਦਰਾ ਗਾਂਧੀ ਬਣੀ
4bf566090e170a602a154df2,audio/2489758513631de3599609d2.flac,6.359563,ਜਿਥੇ ਉਨ੍ਹਾਂ ਨੇ ਰਾਤ ਕੱਟੀ ਉਹ ਜਗ੍ਹਾ ਪਿੰਡ ਦੇ ਕਿਲੇ ਤੋਂ ਵਾਹਵਾ ਹਟਵੀਂ ਸੀ
9c622658a9e242a730b648c0,audio/2e9a19db1b06248419afb7e8.flac,7.399563,ਕੀ ਤੂੰ ਦਰਿਆ ਤੋਂ ਘਰ ਤੀਕ ਆਉਂਦੀ ਡੰਡੀ ਤੇ ਖਿੜੇ ਹੋਏ ਫੁੱਲ ਦੇਖਿਆ ਏ
acd925b58e3226fb902df424,audio/900d397e4009ec56057b02e1.flac,5.839563,ਟੋਰਾਂਟੋ ਵਾਲਾ ਬੇਅੰਤ ਸਿੰਘ ਧਾਰੀਵਾਲ ਇਸ ਕੱਪ ਦਾ ਮੁੱਖ ਪ੍ਰਬੰਧਕ ਸੀ
151ca0f2daab7b4f16db72e2,audio/8c6373271bcc73cd651714be.flac,2.879563,ਦੋ ਮੋਟਰ ਸਾਈਕਲਾਂ ਨੂੰ ਅੱਗ ਲਗਾ ਦਿੱਤੀ
a524c9daa7de524aa3b18b0e,audio/df31e1df126809e5f648f6e1.flac,6.759563,ਇਮੀਗਰੇਸ਼ਨ ਵਾਲਿਆਂ ਨੂੰ ਧੋਖਾ ਦੇਣ ਲਈ ਝੂਠੀਆਂ ਫੋਟੋ ਖਿਚੀਆਂ ਗਈਆਂ
84ad1d99bd703868626ef4b1,audio/e81ad4a4a55555f6f7c749c3.flac,2.479563,ਸ਼ਾਹਿਦ ਦਾ ਸੁਭਾਅ ਤਾਂ ਬਹੁਤ ਚੰਗਾ ਹੈ
9fffe31bdb79dba78d58a378,audio/7c3a8313738659d798281501.flac,4.359563,ਕਈਆਂ ਨੇ ਕੰਵਲ ਦੇ ਸਟੈਂਡ ਨੂੰ ਠੀਕ ਕਿਹਾ ਤੇ ਕਈਆਂ ਨੇ ਗਲ
3a9dca3d071416dba1bcfb4f,audio/2157f09963f11d9f221d0dfa.flac,6.919562,ਪਹਿਲੀ ਗੱਲ ਤਾਂ ਸੈਂਕੜੇ ਸਕੂਲ ਐਸੇ ਹਨ ਜਿਨ੍ਹਾਂ ਕੋਲ ਕੋਈ ਖੇਡ ਮੈਦਾਨ ਹੀ ਨਹੀਂ
5e394eafb0dced7c553d9d92,audio/5ecb91852b3cf355653431d0.flac,9.06,ਵੇਲੇ ਦੀ ਕੰਧ ਹੇਠਾਂ ਆ ਗਏ ਜੀਵਨ ਦੇ ਦਿਨ ਚਾਰ
1aa2c4676145d9cabc92c979,audio/85e3740ada1b6b192e633b8f.flac,3.839812,ਇਸ ਸੰਘਰਸ਼ ਵਿੱਚ ਦੋ ਗੱਲਾਂ ਚੰਗੀਆਂ ਹੋਈਆਂ ਹਨ
e2cf1e6f328ef8c8a0bfbfaf,audio/b6909c1ac670a774c46e9000.flac,5.759563,ਇਹ ਕੱਲਾ ਸਿੱਖਣਾ ਕੋਈ ਔਖਾ ਕੰਮ ਨਹੀਂ ਬੱਸ ਕੁਝ ਨੁਕਤਿਆਂ ਨੂੰ ਸਮਝਣਾ ਹੀ ਹੈ ਜਿਵੇਂ
b450edc039da6bfe8354e5d9,audio/8d07e5fc4033b67ab071a8fb.flac,5.999562,ਹੈਂਸਲੋ ਦੀ ਰਹਿਨੁਮਾਈ ਕਾਰਨ ਇਹ ਯਾਤਰਾ ਡਾਰਵਿਨ ਲਈ ਵਰਦਾਨ ਸਾਬਤ ਹੋਈ
d0f0ce3feced147823d015dd,audio/efb8cd13378968b7375a1ff5.flac,3.799562,ਇਸ ਲਈ ਉਨ੍ਹਾਂ ਨੇ ਬੋਲਾਂ ਨੂੰ ਮਰਵਾ ਦਿੱਤਾ
17afacf969c92fee46949cb7,audio/51d8009b083e6932b562ca6a.flac,4.559563,ਹਰੇਕ ਚੀਜ਼ ਨੂੰ ਕਿਸੇ ਮੰਜ਼ਿਲ ਤੇ ਪਹੁੰਚਣ ਲਈ ਕੁਝ ਸਮਾਂ ਚਾਹੀਦਾ ਹੈ
1b300fec5b5dec6b2969ce0d,audio/2829bdd107d7fa9186d3f6f9.flac,2.439563,ਕੋਈ ਮਿਲ ਗਿਆ ਅਤੇ ਕ੍ਰਿਸ਼
8d69ad640e90fa0ada612864,audio/33c924d34cdc7656d9327e23.flac,6.159562,ਸੁੱਕੇ ਅੱਥਰੂਆਂ ਦੀ ਇਹ ਕਹਾਣੀ ਤੁਹਾਡੀ ਅਤੇ ਮੇਰੀ ਸਭਨਾਂ ਦੀ ਹਾਣੀ
5018ecfe1ef30eefa637a7e2,audio/de3a20b045f4b0262fa2f02b.flac,3.719562,ਸ਼ਿਕਾਰੀ ਇੱਕਦੂਜੇ ਵੱਲ ਬਿਟਰਬਿਟਰ ਝਾਕਣ ਲੱਗੇ
a68b75f7168e996e467df5ef,audio/3ad1a97a0b6a630e6182e630.flac,5.839563,ਸ਼੍ਰੀ ਧਾਕੜ ਨੂੰ ਹੁਣ ਪਟਿਆਲਾ ਦਾ ਨਵਾਂ ਪੁਲਿਸ ਮੁਖੀ ਨਿਯੁਕਤ ਕੀਤਾ ਗਿਆ ਹੈ
d757eceac18ca79a47c9f0ec,audio/dc23b531319ae4211293f592.flac,5.079562,ਸਪਸ਼ਟ ਤੌਰ ਤੇ ਮੁਖੀਆਂ ਲਈ ਕੁਝ ਕੀਤੇ ਜਾਣ ਦੀ ਲੋੜ ਬਣੀ ਹੋਈ ਸੀ
ccccda40d7f083d37bc210ef,audio/f94b780cf9e1df371dd2567b.flac,2.279562,ਆਓ ਉਨ੍ਹਾਂ ਤੋਂ ਹੀ ਜਾਣਦੇ ਹਾਂ
0d11a9e10d81f0fd2f145e05,audio/164f5d7e1692608db0bb16ba.flac,4.479563,ਉਹਦੇ ਵਿਚ ਜੋ ਸੀ ਉਮਾਹ ਸੀ ਤੇ ਅਰਮਾਨ ਸੀ
4e5163ca5b25ef908da93f06,audio/c248ea9a55761b6034baccef.flac,7.239562,ਆਪਾਂ ਮੁਹੱਬਤਾਂ ਦੀਆਂ ਤੰਦਾਂ ਪਾਉਣੀਆਂ ਨੇ ਤੇ ਦੋਵਾਂ ਪੰਜਾਬਾਂ ਦੀ ਸਾਂਝ ਪੱਕਿਆਂ ਕਰਨੀ
a7062268c8e035def5465077,audio/aa934cd10276325376931907.flac,3.199562,ਗੀਤ ਖ਼ੁਸ਼ੀ ਦੇ ਤਾਂ ਗਾਉਂਦੇ ਨੇ
a74ac39da7038332a7bfedd8,audio/d23e82610062d07c0c10e589.flac,3.079563,ਜੋ ਪੱਕੀ ਖੇਤੀ ਘਰ ਲੈ ਆਵਣ
a40cc21465af6081d4d5a52b,audio/48a8c2b63526b14681372a93.flac,4.279562,ਕਿਸੇ ਲਿਖਾਰੀ ਨੂੰ ਰੱਬ ਜਦੋਂ ਕਲਮ ਦਿੰਦਾ ਹੈ
6749bd831293e920c5e4a36e,audio/6f45f100a468173c11ba8200.flac,7.479563,ਕੁਸ਼ਤੀਆਂ ਦੇ ਵੱਖ ਵੱਖ ਟਾਈਟਲਾਂ ਲਈ ਦੋ ਸੌ ਤੋਂ ਵੱਧ ਪਹਿਲਵਾਨ ਜ਼ੋਰ ਅਜ਼ਮਾਈ ਕਰਨਗੇ
0aa2042ac863e9e79b9dfc22,audio/17bdf5ab69687f1b8230524b.flac,8.33,ਵੋਟਾਂ ਦੀ ਗਿਣਤੀ ਮਾਰਚ ਨੂੰ ਹੋਵੇਗੀ
5e2f08d9c7bceb57b450790f,audio/4fb6edf34b6b6cadb2c9f335.flac,5.359563,ਇਹੀ ਰਿਪੋਰਟ ਪੂਰੇ ਪੰਜਾਬ ਦੀ ਜਾਂਚ ਕਰਾਉਣ ਦਾ ਅਧਾਰ ਬਣੀ ਹੈ
b64ce82281e8799d662699e5,audio/fb19069d5e97029b43d0adc9.flac,5.279562,ਇਹ ਡਾਇਰੀ ਦੇ ਪੰਨੇ ਭੰਵਰ ਦੇ ਖੂਨ ਨਾਲ ਲਿਖੇ ਪੰਨੇ ਹਨ
328a4ec8b49f2e7676734bf6,audio/8cf3098177c70cd72bed7084.flac,5.799563,ਕੋਸੇ ਪਾਣੀ ਚ ਲੈਵੇਂਡਰ ਆਇਲ ਦੀਆਂ ਕੁਝ ਬੂੰਦਾਂ ਮਿਲਾ ਕੇ ਨਹਾਓ
7799c06f6808778be90a3ac2,audio/2820314ab4e3b520093f4e77.flac,5.439563,ਸ਼ੇਕਸਪੀਅਰਦੀ ਇਕ ਕਵਿਤਾ ਮਸ਼ਹੂਰ ਹੈ ਜਿਸ ਦਾ ਉਲੱਥਾ ਇਸ ਤਰ੍ਹਾਂ ਹੈ
bdea6dbb5612b32ff36507c6,audio/46782927d2a63f1c0e2cbb32.flac,4.079562,ਜੋ ਸਾਰੀ ਉਮਰ ਉਨ੍ਹਾਂ ਨੂੰ ਦੂਜਿਆਂ ਤੋਂ ਅੱਗੇ ਰੱਖੇਗੀ
78b83fda4bbafe710bae15b3,audio/2df6c2b727e1bca8a42b5bc4.flac,3.599563,ਉਂਜ ਕੱਚਾ ਮਾਦਾ ਬਾਹਰ ਨਿਕਲਣਾ ਚਾਹੀਦਾ ਹੈ
cd48c8ab84a83e8a35948824,audio/86b0ecfc9517b72f12732822.flac,3.999563,ਦੋਸ਼ੀ ਦੀ ਅਜੇ ਤੱਕ ਗ੍ਰਿਫ਼ਤਾਰੀ ਨਹੀਂ ਹੋ ਸਕੀ
7886acbf55b956f45c90af88,audio/d6445b8717770835830c4d14.flac,6.399563,ਜਿਸ ਨੂੰ ਲੈ ਕੇ ਸਥਾਨਕ ਬਾਸ਼ਿੰਦਿਆਂ ਨੇ ਅਦਾਲਤ ਦੇ ਬਾਹਰ ਜੋਰਦਾਰ ਪ੍ਰਦਰਸ਼ਨ ਕੀਤਾ
827d7ddf2d3325a14dfe8564,audio/d4f7acdfe2a93448fdbcbb60.flac,4.479563,ਗੁਰੂ ਸਾਹਿਬਾਨ ਨੇ ਸਾਨੂੰ ਸੰਗਤੀ ਮਾਡਲ ਦਿੱਤਾ ਹੈ
43f0250015547c2e0778213d,audio/b7f7897223a8d349706121d6.flac,4.319562,ਉਨ੍ਹਾਂ ਤੋਂ ਇਲਾਵਾ ਉਸ ਦੇ ਪਰਿਵਾਰ ਵਿਚ ਉਸ ਦੀ ਪਤਨੀ ਅਤੇ ਭੈਣ ਹਨ
ad1f9714127d1c473cc27fa1,audio/8cacca79bfa0c0834244a794.flac,4.959562,ਇਸੇ ਸਮੇਂ ਮੇਰਾ ਕਹਾਣੀ ਸੰਗ੍ਰਹਿ ਕੂੰਜਾਂ ਦੀ ਮੌਤ ਪ੍ਰਕਾਸ਼ਤ ਹੋਇਆ ਸੀ
811c82f3f50038c1c4853afe,audio/6b7a562b5b6a0253edbe04bd.flac,2.759562,ਇਹ ਇਕ ਤਰ੍ਹਾਂ ਮੌਤ ਦੇ ਵਰੰਟ ਸਨ
64082b17ab3106b3d63c0250,audio/fa4e0b7561777d2127d673ce.flac,3.079563,ਅੰਗਰੇਜ਼ ਸਰਕਾਰ ਸਮੇਂ ਉਰਦੂ ਨੂੰ ਬੜੀ ਮਾਨਤਾ ਸੀ
ac8aa1f26998012c6c27a4fc,audio/bfefbfc52a338c15c8ee0b75.flac,8.239562,ਕੰਜ ਕੁਆਰੇ ਸ਼ਬਦਾਂ ਨੂੰ ਆਪਣੀ ਦਲ ਅਤੇ ਗੀਤ ਵਿੱਚ ਸਦੀਵੀ ਅੰਮ੍ਰਿਤਾ ਬਖਸ਼ਦਾ ਹੈ
b6b27a8e4cad5e702b3dd1c7,audio/29e123ee62016a05b3434974.flac,4.679563,ਸ਼ਿਕਾਇਤ ਕਰਨ ਤੇ ਲੜਕੀਆਂ ਦੇ ਚਰਿੱਤਰ ਤੇ ਦੋਸ਼ ਲਗਾਉਣ ਦਾ ਹੈ
a3910dfc86570e4e5dce92bb,audio/1bede4d3e1c7f0e2765f195f.flac,6.52,ਵੈਸਾਖੀ ਅੰਮ੍ਰਿਤ ਅਤੇ ਖ਼ਾਲਸਾ ਸਾਜਨਾ ਦਿਵਸ
62e9ced6495742a9addf277f,audio/048493a071a60c574e48cf0c.flac,4.119562,ਹਲਵਾਈ ਕਦੇ ਸਬਜ਼ੀਆਂ ਨੂੰ ਮਿਚਕੇ ਨਹੀਂ ਬਣਾਉਂਦੇ
07104bf131cb86c0b3079533,audio/b44c07879a05acb411a56e84.flac,2.999563,ਸਾਡੇ ਮਨ ਨੂੰ ਸੀ ਮੋਹਨ ਦੀ
3db15f1baea56d7832f9a27a,audio/38087db9f352fef2be34ffde.flac,7.09,ਵੈਸੇ ਅੱਜ ਕੱਲ੍ਹ ਚਪੜਾਸੀਆਂ ਦੀ ਭਰਤੀ ਵੀ ਹੋ ਰਹੀ ਐ
389a6d5ce8236a06782b8b18,audio/e8ee9ea096c09d1b5a946f9b.flac,7.039562,ਉਨ੍ਹਾਂ ਨੇ ਵੱਖਵੱਖ ਰੰਗਾਂ ਦੀਆਂ ਪੁਸ਼ਾਕਾਂ ਪਾ ਕੇ ਵੱਖੋ ਵੱਖ ਵੇਸ ਬਣਾਏ ਹੋਏ ਸਨ
79a12450080e90613646d444,audio/42e52fc73b1b180e3746b2f9.flac,3.799562,ਦੋਵਾਂ ਦਾ ਆਪਸ ਵਿੱਚ ਬਹੁਤ ਪਿਆਰ ਸੀ
51412b2e81905c59a63651b5,audio/db699046bf1a82a71e8a3cfa.flac,4.719563,ਖਾਣ ਤੋਂ ਬਾਅਦ ਬਿਨਾਂ ਕਿਸੇ ਗੱਲਬਾਤ ਦੇ ਸਭ ਲੋਕ ਕਤਾਰ ਬਣਾ ਲੈਂਦੇ ਹਨ
f685bad51249a36154f0c66a,audio/df512b3b150c231d7ee18319.flac,4.159813,ਅਭਿਆਸ ਨਾਲ ਲਿਖਾਈ ਸੁੰਦਰ ਬਣ ਸਕਦੀ ਹੈ
0f0dda79dcaa8962f0c6baa8,audio/a6a56ec1427372a29618ddc3.flac,6.18,ਵੇਲੇ ਕੁਵੇਲੇ ਗੋਲੀਆਂ ਚੱਲ ਜਾਂਦੀਆਂ
574724da2f98894accee02ef,audio/43740c2bc61cc1d96fe2fda6.flac,5.319562,ਹੁਣ ਤਾਂ ਅਸੀਂ ਮੁੰਡੇ ਨਾਲ ਪਾਰਟੀਆਂ ਵਿੱਚ ਜਾਣਾ ਹੀ ਬੰਦ ਕਰ ਦਿੱਤਾ ਸੀ
2b4b6ecd42262ab715937600,audio/5ee922ff3d31809b7a2a2db6.flac,4.359813,ਉਨ੍ਹਾਂ ਦਾ ਈਮੇਂਜ ਇਕ ਠੰਡੇ ਅਤੇ ਨਰਮ ਸੁਭਾਅ ਦੇ ਨੌਜਵਾਨ ਵਾਲਾ ਹੈ
c9488b2d5356d54e88719805,audio/70fd4ab772ebf12377093c27.flac,3.279562,ਉਨ੍ਹਾਂ ਦੇ ਘਰੋਂ ਜੋ ਦਸਤਾਵੇਜ਼ ਮਿਲੇ ਉਨ੍ਹਾਂ ਤੋਂ
ebfcf3030c5980ffd816f83d,audio/07bb69665ee35bc12acb2f64.flac,5.759563,ਸਿਰਫ ਸਾਲ ਵਿਚ ਹੀ ਰੂਬੀ ਅਰਸ਼ ਨੂੰ ਫਰਸ਼ ਤੇ ਆ ਡਿੱਗੀ ਹੈ
04eaf50af6ab7e6aa1e7b08d,audio/0c60915a6ffa354e68622ab3.flac,6.079562,ਰਿਸ਼ਮਾਂ ਅਤੇ ਸੰਜੇ ਵਿਚਕਾਰ ਰਿਸ਼ਤੇ ਸੁਧਰਨ ਦੀ ਬਜਾਏ ਵਿਗੜਦੇ ਹੀ ਜਾ ਰਹੇ ਹਨ
c4b526a20f05a81574cdb6f0,audio/41797e8f17ffc62afb21fc1b.flac,2.599563,ਇਸ ਕੋਰੀਡੋਰ ਵਿਚ ਸਟੇਸ਼ਨ ਬਣਾਏ ਜਾਣਗੇ
af3b573e525ae03f76374cdd,audio/eafbc1a1037cdb10c238f87b.flac,3.279562,ਨਾਲ ਹੀ ਲੀਗ ਦਾ ਸਮਾਪਤੀ ਸਮਾਗਮ ਹੋਵੇਗਾ
c3a566fc8d51bbd15625a3a2,audio/f57d7afcbc7bbbe033338ca4.flac,5.239562,ਇੰਜ ਦੋਹਾਂ ਮੁਲਕਾਂ ਵਿਚਾਲੇ ਵਪਾਰ ਦੀ ਵੀ ਅਪਾਰ ਸੰਭਾਵਨਾ ਹੈ
4740f19e3be2b0b6b080a3c9,audio/ede03fdb728bb3f09575721d.flac,7.519563,ਪੰਜਾਬ ਨੂੰ ਆਰਥਿਕ ਰਾਜਨੀਤਕ ਭਾਸ਼ਾਈ ਤੇ ਸੱਭਿਆਚਾਰਕ ਤੌਰ ਤੇ ਢਾਹ ਲੱਗੀ ਹੋਈ ਹੈ
2edd4f87e634141c032f6523,audio/c8e5659e1c31dbd10efd0565.flac,5.999562,ਇਹ ਹਿੰਦੂ ਮੁਸਲਮਾਨ ਆਪੋ ਵਿਚ ਹੀ ਤਾਂ ਤੋਂ ਲੜੀ ਜੰਮਦੇ
216d7398b23c8d6c6249898c,audio/ed44650e8a4b266ee35d0336.flac,3.559563,ਸਾਡੇ ਗੁਆਂਢ ਪੰਡਿਤ ਦੇਸ ਰਾਜ ਰਹਿੰਦੇ ਸਨ
41db24bf6a56c7003e900d50,audio/dbabdce1f0ebd5f4228f21b8.flac,7.839563,ਉਮੀਦ ਹੈ ਅਗਲੇ ਸਾਲਾਂ ਚ ਮਿਡਵੈੱਸਟ ਵਿਚ ਪੰਜਾਬੀ ਪਰਵਾਸੀਆਂ ਦੀ ਵਸੋਂ ਹੋਰ ਵੀ ਵਧੇਗੀ
503a24c4cc9bf58dcea87918,audio/bce90c19090f185f41295d29.flac,2.599813,ਕੋਈ ਵੀ ਵਿਅਕਤੀ ਮਾੜਾ ਨਹੀਂ ਹੁੰਦਾ
0d0fc52f5511498aaf9b938b,audio/1b6d781cf6748e8c1d8308ef.flac,2.479563,ਕੋਈ ਬਹੁਤਾ ਖਰਚ ਨਹੀਂ ਹੈ
3063f0e50fb40c9b04eb42a2,audio/11ff7594f3d1bc5cadaead37.flac,8.359562,ਜਨੇਊ ਕੱਚਾ ਧਾਗਾ ਔਰਗਜੇਬ ਆਦਮ ਖਾਣਾਂ ਦੀਆਂ ਕਹਾਣੀਆਂ ਸ਼ੁਰੂ ਕਰ ਦਿੰਦੇ ਹਨ
cf953a8361717a278e32f6b1,audio/fb38a547e8a9f6a372c3d54b.flac,6.359563,ਅਜਨਬੀਆਂ ਨਾਲੋਂ ਆਪਣੇ ਪੱਕੇ ਦੋਸਤਾਂ ਤੇ ਸਾਕ ਸਬੰਧੀਆਂ ਨਾਲ ਹੀ ਹੋਲੀ ਖੇਡੋ
0f44838161dd496791fb6676,audio/95dafbe2e83d21ea2aa6a636.flac,3.239562,ਇਸ ਦੇ ਨਾਲ ਉਨ੍ਹਾਂ ਦਾ ਨਰਕ ਵੀ ਕੱਟਿਆ ਜਾਊ
2d16f61890a2f2ece3667db0,audio/d722a37f2870d498f355a207.flac,5.439563,ਇਸ਼ਤਿਹਾਰ ਪੜ੍ਹ ਕੇ ਮੈਂ ਆਪਣੇ ਤੁਰਨ ਫਿਰਨ ਬਾਰੇ ਸੋਚਣ ਲੱਗ ਪਿਆ
c24f97150a8835e588ba0a46,audio/3f104e9820ac295530691c22.flac,6.719563,ਚਾਹੇ ਕੋਈ ਮਰਜ਼ੀ ਨਾਮ ਦੇ ਦੇਵੇ ਪੈਸੇ ਤਾਂ ਆਮ ਲੋਕਾਂ ਨੇ ਹੀ ਭਰਨੇ ਹਨ
eaff3fcafa228d86c553a992,audio/4307abf333fbe8248fa62378.flac,2.719562,ਅਜਿਹੀ ਦੂਰਦ੍ਰਿਸ਼ਟੀ ਦੀ ਘਾਟ ਹੈ
79cdce8ba2c179de7fd42957,audio/bd3605ab4cb87612e2101561.flac,2.319562,ਹਰ ਕੋਈ ਆਪਣਾ ਲਾਹਾ ਲਭਦਾ
bdcf24aa67d720bbf0a4ddd1,audio/bd60cb4c182ec873b292e88d.flac,4.759563,ਉਨ੍ਹਾਂ ਕਿਹਾ ਕਿ ਪਾਕਿਸਤਾਨ ਦੇ ਰਾਸ਼ਟਰਪਤੀ ਵੀ ਲਾਂਘੇ ਲਈ ਤਿਆਰ ਹਨ
fefdf095289c5f0764033a0f,audio/932a5a04941d56e60e2cfdcd.flac,3.999563,ਅੱਗੋਂ ਉੱਤਰ ਮਿਲਦੈ ਕਿ ਨਰਕ ਤਾਂ ਇੱਥੇ ਹੈ
9478791357552fde3d463f22,audio/6160964d57698d260d47b871.flac,4.759563,ਕਹਿੰਦਾ ਸੀ ਮੁੜ ਕੇ ਰਿਪੋਰਟ ਮਾੜੀ ਪੇਸ਼ ਦੀ ਫਿਰ ਨਾ ਆ ਗਈ
941fa66df106be10ed3932b4,audio/d1a9827b157a7a5e2cf37de4.flac,3.759562,ਜਿਸ ਤੋਂ ਬਾਅਦ ਕੋਰਟ ਨੇ ਅਗਲੀ ਤਰੀਕ ਪਾ ਦਿੱਤੀ ਗਈ
a0c344c5ee100e6a729b8d49,audio/a99b48d3ea462fbcb728cfb7.flac,6.599563,ਕਾਲਜ ਦੇ ਆਰੰਭ ਤੋਂ ਹੀ ਮੈਂ ਢੁੱਡੀਕੇ ਦੇ ਖੇਡ ਮੇਲੇ ਨਾਲ ਜੁੜਿਆ ਆ ਰਿਹਾ
b42729bdbdf574e09bbbe1b0,audio/60f0420ff698177db92140a6.flac,6.159562,ਜੇਲ੍ਹਾਂ ਵਿੱਚ ਬੰਦੀਆਂ ਨੂੰ ਦਿਨ ਵਿਚ ਦੋ ਵਾਰ ਚਾਹ ਦਿੱਤੀ ਜਾਂਦੀ ਹੈ
84121415a5def173a7f01257,audio/587e98f092ecb99a73cee3dd.flac,6.17,ਵੈਸੇ ਇਹ ਅਧਿਕਾਰ ਫਿਲਹਾਲ ਸਕੂਲ ਬੋਰਡ ਦੇ ਸੁਪਰਡੈਂਟ ਕੋਲ ਹੀ ਹੈ
cdc3fc3ff1a6d2fcc6f43b74,audio/ba39b9adf28fedcf35667b85.flac,4.399563,ਉਸ ਦਾ ਸੈਮੀ ਫਾਈਨਲ ਤੇ ਫਾਈਨਲ ਮੈਚ ਵਿਚ ਖੇਡਣਾ ਬਹੁਤ ਜ਼ਰੂਰੀ ਸੀ
e469fc2158c4bdc1696ed42e,audio/b7d3dc5bee109591cf7c915f.flac,2.799562,ਹਰ ਵਿਅਕਤੀ ਦਾ ਆਪਣਾ ਆਪਣਾ ਰੋਲ
455343179f80490f44041daa,audio/9374d9edae2832823c70f6f2.flac,5.61,ਵੋਟਾਂ ਤਾਂ ਇਸੇ ਨੂੰ ਪੱਕੀਆਂ ਹਨ
aa4752dbc6f3fef7b6133303,audio/1ed4634d2ba6e58b59967c3d.flac,7.119562,ਇਸ ਤੋਂ ਬਾਅਦ ਜੂ ਜੀ ਸੀ ਦੇ ਖਰਚੇ ਤੇ ਅਸਾਮੀ ਭਾਸ਼ਾ ਵੀ ਭਾਸ਼ਾਈ ਕੇਂਦਰ ਦਾ ਹਿੱਸਾ ਬਣੀ
703b6e9600e4691bbca9f88e,audio/8ef80a64ec9ed5103ff103f9.flac,6.519563,ਜਿਸ ਦੀ ਕੋਈ ਆਸ ਹੀ ਨਹੀਂ ਉਸਨੂੰ ਤੁਸੀਂ ਨਿਰਾਸ਼ ਕਿਵੇਂ ਕਰੋਗੇ ਉਸਦੀ ਪ੍ਰਫੁਲਤਾ ਅਣਛੂਤੀ ਰਹੇਗੀ
d38f779528b58ad61208f901,audio/3d2ab710af886fd84850e508.flac,7.66,ਵੇਖਦੇ ਹੀ ਰਹਿਣ ਸਾਰੇ ਹੋ ਕੇ ਹੱਕੇ ਬੱਕੇ
82e1fd8bd551d087a1daa7dd,audio/2294ecc2c4c3242baafb978b.flac,4.479563,ਇਹ ਵਿਅਕਤੀ ਐਤਵਾਰ ਸਵੇਰੇ ਹਸਪਤਾਲ ਵਿੱਚ ਦਮ ਤੋੜ ਗਿਆ
9ecb9ce6f5e053538d172627,audio/a67488558bc8dfd4080ed691.flac,5.934312,ਵੇਖੋ ਕਿ ਤੁਹਾਡਾ ਬੈਨੇਫੀਸ਼ਰੀ ਕੌਣ ਹੈ
bae31ab28e4b007488c7b510,audio/b01d1d3271cb5d09d2b262cd.flac,2.519563,ਡਰਾਮਾ ਸਕੁਆਡ ਵਾਲੇ ਗੀਤ ਗਾਉਣ ਦੇ
65ef613ba5065993a7e71d69,audio/bb0f24b00b6e36cbe52bbe0e.flac,4.719563,ਹਰਪ੍ਰੀਤ ਕੌਰ ਦੇ ਅਪ੍ਰੈਲ ਵਿਚ ਸ਼ੱਕੀ ਹਾਲਤ ਵਿਚ ਮੌਤ ਹੋ ਗਈ ਸੀ
fbe88ff2288cc13cf46bfac7,audio/e57b00ac781728ba49a1dea6.flac,4.439563,ਹਰਮਨ ਕੌਰ ਤੋਂ ਸਾਲ ਦੇ ਵਰਗ ਵਿਚ ਭਾਗ ਲੈਂਦੀ ਹੈ
99172cfa556de2fd51af99aa,audio/a2a196d26a0f03448636def1.flac,4.919562,ਸੁਰਜੀਤ ਨਾਂ ਤੋਂ ਕਵੀ ਬਣ ਕੇ ਰਚਨਾਵਾਂ ਲਿਖਣ ਦੀ ਇੱਛਾ
73cb0551c34e0d5445e988ad,audio/f9cdfae0cc0f2d0b0e48961f.flac,4.479563,ਇਸ ਦੌਰਾਨ ਭਾਰਤੀ ਟੀਮ ਦੌੜਾ ਬਣਾ ਕੇ ਅਲਾਟ ਹੋ ਗਈ
43f23494a2102e145e31aeb6,audio/0a92a102371e8c164ac25270.flac,5.519563,ਦਵਿੰਦਰ ਪਾਲੇ ਨੇ ਰੇਡਾਂ ਪਾ ਕੇ ਕੋਈ ਅੰਕ ਹਾਸਲ ਨਾ ਕੀਤਾ
517e6b9c0124705fbef92769,audio/5aed3d9c4c250524311c1533.flac,8.62,ਵੇਦਾਂਤਾ ਉਹ ਕੰਪਨੀ ਹੈ ਜਿਸ ਨਾਲ ਸਾਡਾ ਗ੍ਰਹਿ ਮੰਤਰੀ ਚਿਦੰਬਰਮ ਕੰਮ ਕਰ ਚੁੱਕਾ ਹੈ
b7f903e58ea9df60aea75158,audio/06c183dec53f2b560c76f1e6.flac,2.439563,ਗਰੀਬਾਂ ਦੀ ਪਹੁੰਚ ਤੋਂ ਬਾਹਰ ਹਨ
e4908efe76004f015556e0d6,audio/52646e859e414eafb3bac33e.flac,4.879562,ਉਨ੍ਹਾਂ ਦੇ ਸਾਰੇ ਪੁਰਾਣੇ ਨਜ਼ਦੀਕੀਆਂ ਨੇ ਉਨ੍ਹਾਂ ਨੂੰ ਧੋਖਾ ਦੇ ਦਿੱਤਾ
c289d5a95646ccc68e5611f8,audio/92fca2ed7d9ef49389105382.flac,4.399563,ਆਮ ਬੰਦਾ ਮੁੜ ਇਨ੍ਹਾਂ ਦੀ ਵਰਤੋਂ ਕਰਦਾ ਨਿਪੁੰਨ ਬਣੀ ਜਾਂਦਾ ਹੈ
c62e21714ad2dde1277f1db5,audio/38dea4a6396046e9524132a8.flac,5.319562,ਉਥੋਂ ਦੇ ਸਕੂਲਾਂ ਅਤੇ ਸਰਕਾਰੀ ਅਦਾਰਿਆਂ ਵਿਚ ਸਿੱਖ ਪੱਗ ਨਹੀਂ ਬੰਨ੍ਹ ਸਕਦੇ ਨੇ
3fed3e9b433c7cde8db6c5f7,audio/55d4356cd01c8cd2df790bb5.flac,2.919563,ਇਸ ਵਿੱਚ ਗਲਤੀ ਪੁਲਿਸ ਦੀ ਵੀ ਹੈ
471e6b1fc97e6f779edef73d,audio/84b01f09c3aed2a46fceafee.flac,6.8,ਵੇਖੋ ਪ੍ਰੋਡਕਸ਼ਨ ਹਾਊਸ ਰਾਖੀ ਦੀ ਇਹ ਇੱਛਾ ਪੂਰੀ ਕਰਦਾ ਹੈ ਜਾਂ ਨਹੀਂ
e4d5fbb934480a427149fed0,audio/3bad71125e8881f107b27a41.flac,6.319562,ਕਿਤਾਬ ਕਾਫੀ ਵੱਡਾ ਸੀ ਤੇ ਮੈਂ ਅਜਿਹਾ ਕੰਮ ਕਦੇ ਪਹਿਲਾਂ ਕੀਤਾ ਵੀ ਨਹੀਂ ਸੀ
52ca8aca75903ec85c939448,audio/f214c0102f1b1ebf48dc52fd.flac,5.519563,ਇਸ ਵਿਚ ਸੱਚਾਈ ਤਾਂ ਇਹ ਦੋਵੇਂ ਧਿਰਾਂ ਭਲੀਭਾਂਤ ਜਾਣਦੀਆਂ ਹੋਣਗੀਆਂ
e3f82f826aace47d2d9ef912,audio/68742f3fd400dab1e3ff5cd6.flac,4.279562,ਇਸ ਦੀ ਜਾਂਚ ਲਈ ਉਹ ਪੰਜਾਬ ਦੇ ਡੀਜੀਪੀ ਨੂੰ ਅਪੀਲ ਕਰੇਗੀ
27dc6b102f3aba65243edb37,audio/32fa5e12c0463ebc421d5a01.flac,4.919562,ਡਰੱਗ ਵੇਚਣ ਵਾਲੇ ਗੈਂਗਾਂ ਤੇ ਸਖਤ ਐਕਸ਼ਨ ਹੋਵੇਗਾ
5b4edae03abb3e52fb2a37da,audio/79b2a45ec906ed55e32f73c0.flac,3.079563,ਸਹਿਜਧਾਰੀ ਸਿੱਖ ਵੋਟਰਾਂ ਦਾ ਮੁੱਦਾ
a49889047770a7bcb3ea7efd,audio/c765aacb88880982d8dd9792.flac,5.679563,ਚਿਹਰੇ ਦੀਆਂ ਕਮਜ਼ੋਰ ਪੈ ਗਈਆਂ ਮਾਸਪੇਸ਼ੀਆਂ ਮਜ਼ਬੂਤ ਹੁੰਦੀਆਂ ਹਨ
0e216459d0a1e70ddcde65cf,audio/ee9ba37fb9dc2114be2169c5.flac,5.719563,ਇਹ ਮੈਚ ਇੰਨਾ ਕਾਂਟੇਦਾਰ ਹੋਇਆ ਕਿ ਅੱਧੇ ਸਮੇਂ ਤਕ ਅੰਕ ਬਣੇ
70b11854f235e9454d7d8627,audio/14837cdec3eeccbffe5b153b.flac,3.999563,ਆਕਟੋਪਸ ਬਾਬੇ ਦੀ ਸਹੀ ਭਵਿੱਖਬਾਣੀ
4b85bf4a3235e837c2241cf3,audio/a3b6040eb806ad55214bcfe1.flac,6.439563,ਕੈਨੇਡੀ ਨੇ ਇਕ ਮਿੰਟ ਵਿਚ ਲਵ ਪੜ੍ਹ ਕੇ ਮੁਕਾਬਲਾ ਜਿੱਤਿਆ
c0ea288cacb986a50206f823,audio/82d784f11034be855ee68f83.flac,7.439563,ਸਮਾਜ ਸੇਵੀਆਂ ਨੇ ਤੁਰੰਤ ਸਮਾਰਕ ਤੋਂ ਕਾਲਖ ਹਟਾਉਣ ਦਾ ਕੰਮ ਸ਼ੁਰੂ ਕਰ ਦਿੱਤਾ ਹੈ
195e49fe70b916f8b7505050,audio/ca052768c283fe371a6c734f.flac,4.799563,ਹੋਰ ਸਲਾਹ ਵਾਸਤੇ ਮੇਰੇ ਨਾਲ ਸੰਪਰਕ ਕੀਤਾ ਜਾ ਸਕਦਾ ਹੈ
4b359f052ca0232333f24e33,audio/ea4f1199000a62c8e1e71ffc.flac,5.799812,ਇਨਸਾਨੀ ਦਿਮਾਗ ਹੂਬ ਹੂ ਉਸੇ ਤਰਾਂ ਕੰਮ ਕਰਦਾ ਹੈ ਜਿਵੇਂ ਕੰਪਿਊਟਰ ਕਰਦਾ ਹੈ
1427aac914522ca36b631861,audio/d7a6daeb895b79d4c9452cac.flac,4.079562,ਅਸੀਂ ਜੱਗ ਵਿੱਚ ਬਾਲਣੀ ਸੱਚਾਈ ਵਾਲੀ ਅੱਗ
7c34dfe5a187392bcb25d4b1,audio/9aa589b4b3500a1bbe8e8b10.flac,6.119562,ਦੂਜਾ ਮੁੱਦਾ ਗਲਤ ਤਰੀਕੇ ਨਾਲ ਕੱਟੀਆਂ ਗਈਆਂ ਮੈਂਬਰਸ਼ਿਪ ਰਸੀਦਾਂ ਦਾ ਹੈ
9f66ec45658fe44bc93b08d3,audio/c8d7d58ece23bf9860e1bef8.flac,6.799563,ਹੋਸਟਲ ਦੇ ਮੁੰਡਿਆਂ ਨੇ ਇਹ ਵਾਹਨ ਜਗਤ ਪ੍ਰਾਪਰਟੀ ਬਣਾ ਲਈ ਹੈ
8fb89d83710c35136a11032b,audio/546c4b520f8de2f87f292ae8.flac,4.479563,ਜਦੋਂ ਵੀ ਸੰਭਵ ਹੁੰਦਾ ਹੈ ਉਨ੍ਹਾਂ ਨੂੰ ਮਿਲਣ ਦੀ ਕੋਸ਼ਿਸ਼ ਕਰਦੀ ਹਾਂ
94f6547fd72c9e6a14448ee0,audio/7ec30509009ef6addfaf274d.flac,3.359563,ਤਾਂ ਹੀ ਹਰ ਥਾਂ ਕੌਮੀ ਨਿਸ਼ਾਨ ਝੁੱਲਣ
19af009040419c8c7b0538f4,audio/0d3f356c581c20b726146606.flac,2.479812,ਅੱਖਾਂ ਵਿਚ ਚਮਕ ਆ ਗਈ
cab17e0a11d5aa4751ad1f56,audio/407c7a4e1d539eaa8ad98264.flac,5.639563,ਇਸ ਦੇ ਵਿਚਕਾਰ ਕੋਈ ਵੀ ਹਾਲਤ ਖਾਲਸੇ ਨੂੰ ਸਵੀਕਾਰ ਨਹੀਂ
25c44dabad1c763c74a7f92c,audio/16f65b3b87cdd7defdea2587.flac,3.119562,ਕਾਸ਼ ਉਹ ਸੁਣ ਸਕਦੇ ਦੇਖ ਸਕਦੇ
a31eaa4c0397cff2e8d5742b,audio/375af01d3589cbf329e0558e.flac,7.7,ਵੈਸੇ ਆਪਣੇ ਆਪ ਵਿਚ ਇਹ ਕੋਈ ਬਹੁਤ ਵੱਡੀ ਇੰਡਸਟਰੀ ਵੀ ਨਹੀਂ ਹੈ
a6d988b6d4fd4a9c14e75d34,audio/e7dc6c88d6e1b3eed09d887c.flac,10.88,ਵੇਲਣੇ ਬੋਰੀਆਂ ਪੱਥਰ ਤੇ ਅਹਿਰਨਾਂ ਦੇ ਬਾਲੇ ਕੱਢਣੇ ਵੇਟ ਲਿਫਟਿੰਗ ਵਿਚ ਢਲ ਗਏ ਹਨ
3bf7497159f3234b3942f74d,audio/47431cd45a2c9645d030e8e2.flac,8.839562,ਸੱਥਾਂ ਚ ਆਮ ਕਰਕੇ ਖੁੰਡ ਰੱਖੇ ਹੁੰਦੇ ਹਨ ਜਿਨ੍ਹਾਂ ਤੇ ਮਜਲਸਾਂ ਸੌਂਦੀਆਂ ਹਨ
9269c48aab45db93cf30703c,audio/69fea45615512d76605bda91.flac,5.199562,ਇਸ ਸ਼ਾਹੀ ਜੋੜੀ ਦਾ ਵਿਆਹ ਇਸੇ ਸਾਲ ਜੁਲਾਈ ਮਹੀਨੇ ਵਿੱਚ ਹੋਇਆ ਹੈ
21432d0185efa3b23f3e8c42,audio/9711336561f3df4992b33dad.flac,5.519563,ਠੇਠ ਮਲਵਈ ਬੋਲੀ ਸਰਵਣ ਸਿੰਘ ਦੀ ਚੇਤਨਾ ਵਿੱਚ ਇੱਕਮਿੱਕ ਹੈ
3489e1b5ed7079ebb7a5c248,audio/a05540fade73cda6e4650cc8.flac,8.159562,ਚੌਕੀਦਾਰ ਹਰਬੰਸ ਸਿੰਘ ਦੇ ਰੋਕਣ ਤੇ ਵਗਾਹ ਕਾਰਾਂ ਨੇ ਉਸ ਦੀ ਕੁਟਾਈ ਕਰ ਦਿੱਤੀ
bf65a384ceac0015aa0e1b60,audio/6a7852fef255d84c2f355956.flac,7.3,ਵੇਲਾ ਹੁਣ ਜਨਤਾ ਜਨਾਰਧਨ ਦੇ ਜਾਗਣ ਦਾ ਹੈ
880b4ac62f053c421bd194c1,audio/afb18fa31002ca6839871747.flac,6.8,ਵੇਖ ਤਾਇਆ ਤੇਰੀਆਂ ਗੱਲਾਂ ਸੁਣਕੇ ਮੇਰਾ ਦਿਮਾਗ਼ ਵਾਹਵਾ ਖੁਲ੍ਹ ਗਿਐ
ff6846e7a726df022b53d24d,audio/c147d2292c2a7d410a177ea8.flac,4.519563,ਇਸ ਲਈ ਜਿਹੜੇ ਕਲਾਕਾਰਾਂ ਵਿਚ ਇਹ ਗੁਣ ਪਾਏ ਜਾਂਦੇ ਹਨ
dd42ae721f0012ce78d8b395,audio/60c2b53aad0aeef7b704def0.flac,4.519563,ਉਂਝ ਉਮਰ ਨਾਲ ਕੀ ਫਰਕ ਪੈਂਦਾ ਹੈ ਇਹ ਕੋਈ ਕਰਪਸ਼ਨ ਤਾਂ ਨਹੀਂ ਹੈ
237d59cc0afc8e2d995c5625,audio/8d1d9fe92f68ee77f35b1c3f.flac,3.999563,ਹਰਜੀਤ ਕਦੇ ਕਦੇ ਮੈਨੂੰ ਮਿਲਣ ਲਈ ਢੁੱਡੀਕੇ ਵੀ ਆ ਜਾਂਦਾ ਸੀ
e16b126f338ed74c7fe0d5d7,audio/809e64066a5e950762ff5fbc.flac,3.719813,ਸ਼ਹਿਰ ਦੇ ਅੰਦਰ ਇਹ ਕਲੇਮ ਨਹੀਂ ਹੋ ਸਕਦਾ
b16d490bf977669c3d060034,audio/9559ce82f0a771f19b44ab5b.flac,2.399563,ਇਹ ਬੱਚੀ ਦੇ ਦੁੱਧ ਦਾ ਕਹਿਣ ਸੀ
9d5b9cf605e0f9c98c82effa,audio/4e7dc52eb19f6e0214a0002b.flac,6.839563,ਉਨ੍ਹਾਂ ਲਾਹੌਰ ਕਿਲੇ ਦੇ ਉੱਤਰ ਵੱਲ ਵਧਾਮੀ ਬਾਗ ਨੂੰ ਨਵੀਂ ਦਿੱਖ ਦਿੱਤੀ
d32d09cef2b03820adc9fbc6,audio/0ec20399294ec7f4bd83bd25.flac,3.679562,ਇਓਂ ਮੈਂ ਦੁੱਧ ਦਾ ਕੁਝ ਨਾ ਕੁਝ ਮੁੱਲ ਕਾਲਜ ਨੂੰ ਮੋੜ ਦਿੱਤਾ
d285bfac30d28fa5cc40f2d7,audio/911801ccb3bfa54ad2b1b730.flac,4.119562,ਐਵੇਂ ਦੂਸਰਿਆਂ ਬਾਰੇ ਸੋਚ ਕੇ ਜਾ
060fc0abe43f1b213837b09d,audio/7e9ce351dcaf13d37f0623a1.flac,6.119562,ਇਸ ਨੂੰ ਸ਼ੱਕਰ ਰੋਗ ਦੇ ਰੋਗੀਆਂ ਲਈ ਵਿਸ਼ੇਸ਼ ਲਾਭਕਾਰੀ ਮੰਨਿਆ ਜਾਂਦਾ ਹੈ
05a8b2f5aa51f2482ef75224,audio/58270ee58b1b28d7365c94ee.flac,5.679563,ਇਹ ਘਟਨਾ ਆਸਟਰੇਲੀਆ ਦੇ ਪੂਰਬ ਸੂਬੇ ਕੋਲ ਪੈਂਗੁਇਨ ਦੀ ਵਿਚ ਵਾਪਰੀ
4d19fa07e45f1b92c9233485,audio/677cf1bd3e772d9a4992e1dc.flac,6.039562,ਪੰਜ ਸਾਲ ਦੇ ਪ੍ਰੋਲਦੇ ਸਮੇਂ ਮੁਤਾਬਕ ਤੁਹਾਡੀ ਗਤੀਵਿਧੀ ਕੀ ਰਹੀ
5a73c5a7eaca83619324eb40,audio/5ea8e5df48e86ba80d6eb35a.flac,2.759562,ਉਨ੍ਹਾਂ ਦੀ ਉਮਰ ਸਾਲ ਸੀ
a9ccc58152a1c12e264cfab6,audio/fc4b1729b731cdda683a94e1.flac,7.559563,ਹਮਲਾਵਰਾਂ ਨੇ ਸੂਬੇ ਦੇ ਮੁੱਖ ਸ਼ਹਿਰ ਲੱਕੀ ਮਾਰਵਟ ਦੇ ਪ੍ਰਮੁੱਖ ਥਾਣੇ ਨੂੰ ਨਿਸ਼ਾਨਾ ਬਣਾਇਆ
50fc044736ba6fc858570eb0,audio/9124af11ed92496039f9a665.flac,4.999562,ਹਰ ਸਾਲ ਇੰਡੀਆ ਜਾਣ ਨਾਲ ਪਾਸਪੋਰਟ ਤੇ ਸਟੈਂਪਾ ਵਧਦੀਆਂ ਜਾਂਦੀਆਂ ਹਨ
446a68d1bf5aa4e5ec121f62,audio/25031139173bafe596744894.flac,3.759562,ਕਦੇ ਕੁੱਝ ਵੀ ਨਹੀਂ ਜਿੱਤਿਆ ਅਸੀਂ ਕੀ ਕਰੀਏ
ac96fecc33834cc6a289cb66,audio/fc51d8ec734849148d04bb0f.flac,4.479563,ਕਿਸ਼ਤਾਂ ਤਾਂ ਇਹਦੀਆਂ ਸੋਸ਼ਲ ਸਕਿਉਰਟੀ ਦਿੰਦੀ ਹੈ
28630312633cab550125a278,audio/6ac20f851ca27f48463b246c.flac,5.679563,ਅੱਜ ਕੀ ਕਈ ਜ਼ਾਦਾਂ ਫਕੀਰਾਂ ਦੇ ਡੇਰਿਆਂ ਉੱਪਰ ਨਮਕ ਦਾ ਚੜ੍ਹਾਵਾ ਚੜ੍ਹਦਾ ਹੈ
32aeb4bda40d0a5434f89ceb,audio/53dd8d26560059d58a7b750d.flac,5.199562,ਜਿਵੇਂ ਵੀ ਹੋਵੇ ਦੋਨੇ ਕੁੜੀ ਮੁੰਡਾ ਨਹੀਂ ਬੱਚਣੇ ਚਾਹੀਦੇ
d1194308b58c4ae1457c9c0c,audio/c9e4fa79b0e32a260a0058e5.flac,10.21,ਵੈਸੇ ਅਜਿਹੀਆਂ ਘਟਨਾਵਾਂ ਪੰਜਾਬ ਵਿੱਚ ਵਾਪਰਨੀਆਂ ਹੁਣ ਆਮ ਜਿਹੀ ਗੱਲ ਹੁੰਦੀ ਜਾ ਰਹੀ ਹੈ
e9e0e018cfa165adf51437b2,audio/6581aad5e258a64299dda42e.flac,4.319562,ਅਮਰੀਕਾ ਦੇ ਸਭਿਆਚਾਰ ਤੋਂ ਕੋਹਾਂ ਦੂਰ ਚਲੇ ਗਏ ਸੀ
9dabc7c1043749cbda19ec68,audio/4682d0a5ac74f30ca88674f4.flac,4.399563,ਪੱਛਮ ਠੋਸ ਰਿਹਾ ਹੈ ਆਪਣੀਆਂ ਕਦਰਾਂ ਕੀਮਤਾਂ
6fc20c69684fb9fba9114a11,audio/55117436a720c1d842295637.flac,3.319562,ਇਹ ਟ੍ਰੇਨਿੰਗ ਬਿਨਾਂ ਪੈਸਿਆਂ ਤੋਂ ਹੁੰਦੀ ਹੈ
3058bfaaba0ba2969551e83b,audio/12af6ac25d7a721d25f08ef1.flac,7.239562,ਨਹੀਂ ਬਾਬਾ ਸਾਡੇ ਨਾਲ ਦਾ ਮੁੰਡਾ ਪਾਣੀ ਪੀਣ ਗਿਆ ਏ ਇਹ ਸੀਟ ਉਹਦੀ ਆ
2efd876b21dc49fa2867837c,audio/7f7d138c4e0e32055f615aeb.flac,6.84,ਵੇਖ ਬਈ ਮਾਸਟਰਾ ਤਾਏ ਨਾਲ ਤਾਂ ਸਾਡਾ ਪਿਆਰ ਹੈ
ac1b4a22e517c0653a2d9e3f,audio/7dd553b147f521a89acbcf69.flac,4.799563,ਇਨ੍ਹਾਂ ਦੇ ਪਖੰਡ ਦੇਖ ਕੇ ਕੌਮ ਵੱਧ ਫੁੱਲ ਨਹੀਂ ਰਹੀ
a4b3eecf656ecf6de481e644,audio/cf7afb4dcbf52c9a9bec912c.flac,4.799563,ਦੋਨੇ ਪਰਿਵਾਰ ਹੀ ਕੈਨੇਡਾ ਵਿਚ ਚਾਰ ਦਹਾਕਿਆਂ ਤੋਂ ਰਹਿ ਰਹਿ ਰਹੇ ਸਨ
601c17e33f59181d33bdad69,audio/398f2a6e70b70a177f933234.flac,5.559563,ਨੀਟਾ ਦੀ ਨਹੀਂ ਸਗੋਂ ਪੰਜਾਬੀ ਕਵਿਤਾ ਦਾ ਉੱਤਮ ਨਮੂਨਾ ਹੈ ਇਹ ਨਜ਼ਮ
3278e26f34e6859bddbd04cb,audio/a1bb53c2066933e36b4026c7.flac,9.78,ਵੈਸੇ ਇਸ ਕੁਤਾਹੀ ਤੋਂ ਪ੍ਰਧਾਨ ਮੰਤਰੀ ਡਾ ਮਨਮੋਹਨ ਸਿੰਘ ਵੀ ਨਹੀਂ ਬਚ ਸਕਦੇ
cc827f1a61adb080031df08c,audio/e54f2cfe1d48e5cf2f1a6b0a.flac,3.519563,ਅਗਲਾ ਸਾਰਾ ਦਿਨ ਵੀ ਡੌਰਭੌਰ ਹੋਇਆ ਰਿਹਾ
49964fc116f21ed93df029c2,audio/5d9af234de1bf5db9515d16c.flac,5.519563,ਹਰ ਵਾਰ ਕੱਪੜੇ ਜੁੱਤੀ ਜਾਕਟ ਬਦਲੇ ਹੁੰਦੇ ਹਨ
6f08c5bf47b6c0f0706e2dbc,audio/5f18ded6a450d79b707e3900.flac,5.039562,ਜਿੱਥੋਂ ਕਿ ਉਸ ਦੀ ਲਾਸ਼ ਕਾਫੀ ਸਮਾਂ ਕਿਸੇ ਨੂੰ ਲੱਭ ਨਾ ਸਕੇ
3522dd00d1d03c24a0aae0fc,audio/e3623eeca2afc6ce049ff856.flac,4.799563,ਜਦਕਿ ਅਮਰੀਕੀ ਲੋਕ ਆਪਣੇ ਦੇਸ਼ ਵਿੱਚ ਬੇਰੁਜ਼ਗਾਰ ਬੈਠੇ ਹਨ
eaa3399622fde606fd035af3,audio/a5f43766840e5143f54c73c5.flac,3.359563,ਚਾਕੂ ਨਾਲ ਚਮੜੀ ਕੱਟੇ ਜਾਣ ਤੇ ਖੂਨ ਵਗਣ ਲੱਗਦਾ ਹੈ
94e04c9f7f8122a28ce189b6,audio/d7953e56eb74b7a4e31387f9.flac,6.399563,ਉਨ੍ਹਾਂ ਦੱਸਿਆ ਕਿ ਜੀਵਨ ਵਿਚ ਜਾਗ੍ਰਿਤ ਹੋ ਕੇ ਰਹਿਣਾ ਵੀ ਨਿਵਾਰਣ ਹੈ
f4e719b6f16d765217b81e58,audio/b7924881cc6c5816c4d5bba3.flac,4.399563,ਇਸ ਜਹਾਜ਼ ਦੇ ਦੋਵੇਂ ਪਾਇਲਟ ਹੀ ਮੌਕੇ ਤੇ ਸਾਲਾ ਮਾਰ ਕੇ ਬਚ ਗਏ
bc61d1cdedf785ea12f22b5c,audio/4d8c0f5e75c2bcd0aa6f3ed8.flac,8.47,ਵੇਖਣ ਵਾਲੇ ਦੱਸਦੇ ਹਨ ਕਿ ਇਹ ਮੈਚ ਬਹੁਤ ਦਿਲਚਸਪ ਸੀ
e1d6bfb2f4047331a3b26123,audio/5d7a1afe083cf85518d4becf.flac,5.399563,ਅਸੀਂ ਅਮਰੀਕਾ ਦੀ ਸੱਭਿਆਚਾਰਕ ਗੁਲਾਮੀ ਵੀ ਕਬੂਲ ਕਰ ਲਈ ਹੈ
7b691bf0444372e32ec7fa44,audio/7d480b078d2337176b4afd08.flac,6.719563,ਦੇਖਦਾ ਹੈ ਕਿ ਉਸਦੀ ਪਤਨੀ ਆਪਣੇ ਵੈਟਰਨ ਚ ਖੂਨ ਵਿਚ ਲਤਪਤ ਹੈ
ed440d6a9191812f3f268b36,audio/d196eb2423614df54a0e251e.flac,8.23,ਵੇਖਦੇ ਵੇਖਦੇ ਨੌਕਰੀਆਂ ਵੀ ਠੇਕੇ ਦੀਆਂ ਹੋ ਗਈਆਂ
6ffef246f9a77144ed126ed1,audio/480d40217941c022e61fb478.flac,3.839562,ਜੱਗ ਜੰਕਸ਼ਨ ਰੇਲਾਂ ਦਾ ਗੱਡੀ ਇਕ ਆਵੇ ਇਕ ਜਾਵੇ
6a4eebb75da047f013767e2b,audio/0bcd864d3bdea72dc1815d77.flac,2.839562,ਕਿਉਂ ਨਾਂ ਇੱਕ ਜੁੱਟ ਹੋ ਕੇ ਲੜੀਏ
badb3c860c5262a2ecd05c68,audio/72a1d4b3354d612c8a311062.flac,6.559563,ਜਦੋਂ ਕਿ ਸੰਗਰੂਰ ਤੇ ਮਾਨਸਾ ਜ਼ਿਲ੍ਹਿਆਂ ਵਿਚ ਸਿਰਫ ਇਕ ਇਕ ਸੀਟ ਹੱਥ ਲੱਗੀ
7e2b17aad5be4d62f806cd57,audio/dd48a8f7e2b402e36c2d5e9e.flac,10.02,ਵੇਖ ਮਾਸਟਰ ਜਗੀਰ ਮੈਨੂੰ ਨਹੀਂ ਲਗਦਾ ਇਨ੍ਹਾਂ ਦੀ ਲੜਾਈ ਆਪਸ ਵਿਚ ਹੋਣੀ ਐਂ
cdb3d6097ffeabb99c2b7028,audio/de544fcaa59a5d73599b334c.flac,2.159562,ਇਹ ਦਾਦੀ ਦੀਆਂ ਕਹਾਣੀਆਂ ਨਹੀਂ
d7a97c6de3b0a2a6fd824835,audio/e39669c953f591e7683c41a5.flac,4.639563,ਸਰਬ ਦਾ ਭਲਾ ਮੰਗਣ ਵਾਲਿਆਂ ਨੂੰ ਆਪਣੀ ਹੀ ਭਲਾਈ ਦਾ ਫ਼ਿਕਰ ਹੋਣ ਲੱਗਾ
d58dbaa6847f97108e35da13,audio/6dc3282defcaee283d87854f.flac,5.159562,ਇਸ ਮੌਕੇ ਥਾਂ ਥਾਂ ਨਗਰ ਕੀਰਤਨ ਕੱਢੇ ਗਏ ਅਤੇ ਲੰਗਰ ਲਗਾਏ ਗਏ
61d241631eacd6ed7edd4bc8,audio/2c6037792fbdd25ea7d98b30.flac,5.359563,ਨਿਸ਼ਾਨਾ ਕੇਂਦਰ ਸਰਕਾਰ ਸੀ ਤੇ ਕਾਰਨ ਸੀ ਭ੍ਰਿਸ਼ਟਾਚਾਰ ਤੇ ਕਾਲਾ ਧਨ
e579ae74021570d7d391e25f,audio/e676b3ec5a3cd1ea0ccca10a.flac,8.639563,ਖੰਡ ਮਠਿਆਈਆਂ ਚਾਕਲੇਟ ਆਈਸਕ੍ਰੀਮ ਅਤੇ ਖੰਡ ਤੋਂ ਬਣੇ ਸਾਰੇ ਪਦਾਰਥ ਖਾਣੇ ਛੱਡ ਦਿਓ
89ed3b4bfaddf908ccc71aa6,audio/637781dcf1f66db689594eb6.flac,5.039562,ਖਰਾਬ ਹੋਣ ਤੇ ਇਸ ਪ੍ਰਕਿਰਿਆ ਨੂੰ ਦੁਹਰਾਇਆ ਜਾ ਸਕਦਾ ਹੈ
6d149ceb04ff160fa5ef5798,audio/86cd7f93759e5c5da18f8482.flac,3.919563,ਜਿਸ ਉਤੇ ਸ੍ਰੀ ਰੰਧਾਵਾ ਸੀਫਾ ਦੇ ਕੇ ਘਰ ਆ ਗਏ
310f3305df61c4fc0458cc83,audio/d60d162b16b61a436140253c.flac,5.239562,ਇਹ ਸਬਜ਼ਨੀਆਂ ਸਟੀਮ ਕਰਕੇ ਲਈਆਂ ਜਾਣ ਤਾਂ ਚੰਗਾ ਰਹਿੰਦਾ ਹੈ
b877048c63df8cb14cefc939,audio/8b4d97555d2e8f46234c5d1f.flac,3.239562,ਇੱਥੇ ਪੂਰੀ ਤਰ੍ਹਾਂ ਸਨਾਟਾ ਹੈ
773b0c24699d9a22d039685a,audio/e74265cc33cec3e0555f5266.flac,6.239562,ਇਹ ਸਾਰੀ ਈ ਐਸੀ ਹੈ ਕਿ ਚੜ੍ਹ ਜਾਵੇ ਤਾਂ ਖੇੜੇ ਬਿਨਾਂ ਨਹੀਂ ਲਿੱਖਦੀ
8e921bb838da3ad7287a569c,audio/dbf695dec9c12eb68ae49b1e.flac,6.519563,ਸਿੱਖਾਂ ਦੀ ਪਛਾਣ ਮਰਿਆਦਾ ਰਸਮੋਰਿਵਾਜ ਪਹਿਰਾਵਾ ਤੇ ਦਿਖ ਵਖਰੀ ਹੈ
ffc2524e00e6e7dfbc7c2505,audio/c92a6ccfdea4f5a6e4ef0e83.flac,4.239562,ਸਿਤਾਰੇ ਕਦੇ ਨਾ ਮਿਟਦੇ ਸੂਰਜਾਂ ਦੇ ਖੌਫ ਨਾਲ
8c81ae5b49f122d4bc29465a,audio/0cd85438c7b845cd57229a2d.flac,4.039562,ਤੁਸੀਂ ਬਹੁਤ ਸੋਹਣਾ ਦਿਨ ਚੁਣਿਆ ਹੈ ਟ੍ਰੇਨਿੰਗ ਵਾਸਤੇ
204ca13576f8b35e7e535189,audio/04c644fa7faf61bcfa9f84be.flac,3.799562,ਛੇਤੀ ਹੀ ਇਨ੍ਹਾਂ ਦੀ ਪਰਖ ਮਨੁੱਖਾਂ ਤੇ ਹੋਵੇਗੀ
fa2f122124e3b9ee62f500eb,audio/f9752b3f8a3a329107fbc711.flac,3.879563,ਖੜ੍ਹੇ ਖੜੋਤੇ ਬਾਕੜਨਾ ਬਹੁਤ ਵਧੀਆ ਕਸਰਤ ਹੈ
dde91f98290432845a88f0a0,audio/c0bbca5605796099069f5862.flac,7.16,ਵੋਟਾਂ ਧਰਮ ਅਤੇ ਜਾਤਿ ਦੇ ਨਾਂ ਤੇ ਪੱਕੀਆਂ ਕੀਤੀਆਂ ਜਾਂਦੀਆਂ ਹਨ
13856a3c5606db9a76961251,audio/e643f5039e30b2219e2b5787.flac,4.079562,ਇਹ ਪਿਛਲੇ ਸਾਲ ਦੇ ਅੰਕੜਿਆਂ ਨਾਲ ਵੱਧ ਹੈ
f59b2370dc6cd9d2d0247788,audio/12b588fe2ebb03c57fbc14b7.flac,7.039562,ਪੰਜਾਬ ਦੇ ਜ਼ਿਲ੍ਹਿਆਂ ਵਿਚ ਵੱਖਵੱਖ ਮੁਲਾਜ਼ਮ ਜਥੇਬੰਦੀਆਂ ਨੇ ਰੈਲੀਆਂ ਕੀਤੀਆਂ ਤੇ ਧਰਨੇ ਦਿੱਤੇ
ada3fdeb62f0c732a1d0b23f,audio/ae24e4d3bf9571977b5a06cd.flac,3.839562,ਦੁਨੀਆ ਵਿਚ ਆਪਣੀ ਕਿਸਮ ਦੀ ਇਹ ਪਹਿਲੀ ਉਦਾਹਰਣ ਹੈ
0d528c4c68fb63c4ef2cab0d,audio/af3ea1dbe855db70823d7182.flac,3.479563,ਅੱਜ ਕੱਲ੍ਹ ਉਹ ਹੀ ਪਰਮ ਗਿਆਨੀ
89b5b643cf86432fe864efd7,audio/28bc0fd505881e546b78de50.flac,7.77,ਵੇਲੇ ਸਿਰ ਉਨ੍ਹਾਂ ਨੂੰ ਚਾਹ ਪਾਣੀ ਤੇ ਦਾਲ ਰੋਟੀ ਮਿਲੀ ਜਾਂਦੀ ਸੀ
0b1c8745a4043bd70d7f9f74,audio/72b2919f31098a57c26c631b.flac,3.079813,ਇਸ ਮਗਰੋਂ ਹੀ ਇਹ ਕਾਰਵਾਈ ਕੀਤੀ ਗਈ ਹੈ
89ed7d98da682302138262dd,audio/c89692e7b0d338dfcd7c586a.flac,8.159562,ਅੰਟਾਰੀਓ ਦੀ ਆਰਥਿਕਤਾ ਵਿਚ ਨਵੇਂ ਆਉਣ ਵਾਲੇ ਐਗਰੀਮੈਂਟ ਦਾ ਬਹੁਤ ਅਹਿਮ ਹਿੱਸਾ ਹੈ
c931a799ad4bf5244d137225,audio/f2f398c349c747845629efcb.flac,3.159562,ਜਿਸ ਨੇ ਆ ਕੇ ਪੁਲਿਸ ਨੂੰ ਸੱਦਿਆ
4d49c2ed2e243632f18d4e77,audio/a39b3528aced4d9fdf847aa8.flac,10.08,ਵੇਖਣ ਨੂੰ ਵੈਲੀਆਂ ਵਰਗਾ ਜਾਪਦਾ ਸੀ ਪਰ ਬੋਲਦਾ ਕੂੰਦਾ ਬੜਾ ਕੋਮਲ ਸੀ
6963df1096652ffe4cb5bd02,audio/064fb38cdd230d214f91ce75.flac,4.639563,ਤੈਅ ਕੀਤੇ ਮੰਗਣੇ ਵਿਆਹਾਂ ਦੇ ਰਿਸ਼ਤੇ ਟੁੱਟ ਜਾਂਦੇ ਹਨ
20426a87c84c2da2bba73489,audio/a6524f1cf61c04550cc1e375.flac,5.439563,ਡਾਇਰੈਕਟਰ ਦਫਤਰ ਵੱਲੋਂ ਇਨ੍ਹਾਂ ਵਿਦਿਆਰਥੀਆਂ ਦੇ ਚੈੱਕ ਵੀ ਜਾਰੀ ਕਰ ਦਿੱਤੇ ਗਏ
fa367cbc483c610bfe95489f,audio/66670e484aa75ab249515330.flac,5.359563,ਇੱਥੇ ਉਸ ਦੀ ਜਾਣ ਪਛਾਣ ਸ਼ਬਨਮ ਕਿਨਰ ਨਾਲ ਹੋਈ
9337d8b89e2f1f9a31fcc6bf,audio/74144b95bc1311046ffcf9e3.flac,4.479563,ਕਵੀਆਂ ਨੇ ਕਥੇ ਹਨ ਗੀਤਾ ਦੇ ਕੁਰਾਨ ਸਾਰੇ
1a9c2d9d3b29e6fd58b2ca27,audio/ede39bc95b8c13eba37e4e7f.flac,5.439563,ਇਸ ਤਰ੍ਹਾਂ ਇਨ੍ਹਾਂ ਲੋਕਾਂ ਨੇ ਲਾਲਾ ਲਾਜਪਤ ਰਾਏ ਦੀ ਮੌਤ ਦਾ ਬਦਲਾ ਲੈ ਲਿਆ
50a523365fec315fba2968fb,audio/24f02ddf04b561eff70a4d12.flac,3.359563,ਦੂਰੋਂ ਬੈਠ ਦੁਆਵਾਂ ਕਰਦੀ ਅੰਮੀ
0b2c59f6d165a816e2794eaa,audio/44dd8acd923a4fa5d4fc7559.flac,3.879812,ਕਦੇ ਵੀ ਇਨ੍ਹਾਂ ਸੋਚੋ ਕਿ ਮੈਨੂੰ ਪੈਨਸ਼ਨ ਘੱਟ ਮਿਲਦੀ ਹੈ
2df2b1ba947f2016640df31a,audio/3868026734715e9b95e9dd3c.flac,5.719563,ਇਸ ਹੱਤਿਆ ਕਾਂਡ ਵਿਚ ਸ਼ਾਮਲ ਚਾਰ ਅਣਪਛਾਤੇ ਵਿਅਕਤੀਆਂ ਦੀ ਸ਼ਨਾਖਤ ਵੀ ਹੋ ਗਈ ਹੈ
07aa8d9e4ea779f7c28ae649,audio/e8779fa71fdec5ebee841176.flac,2.239813,ਕਦੇ ਕਦੇ ਵਿਘਨ ਪੈ ਜਾਂਦਾ ਰਹੇ
46197c8096d0235624358bbc,audio/3c593a06de148e2bba40a1cd.flac,4.679563,ਅੱਜ ਪੁਲਿਸ ਅਤਵਾਦੀਆਂ ਨੂੰ ਘੇਰਨ ਵਿਚ ਲਗੀ ਹੋਈ ਹੈ
d1124fcfd73d0fe39ffc4789,audio/d13373b1cda9b22041ce5768.flac,5.919562,ਸਾਨੂੰ ਸੱਦਾ ਦਿੱਤਾ ਗਿਆ ਕਿ ਅਸੀਂ ਨਾਗਮਣੀ ਦੀ ਸ਼ਾਮ ਵਿਚ ਸ਼ਾਮਲ ਹੋਇਆ ਕਰੀਏ
4126d8e71cf0399531e3aa6e,audio/4356a721353be12ba58958fa.flac,3.359563,ਹਊ ਧਰਤੀ ਪਾਪਾਂ ਤੋਂ ਸ਼ੁੱਧ ਸਾਰੀ
acf486cb28aad6a6bd411b1f,audio/89749588cf90ec114cddca78.flac,5.599563,ਗ੍ਰੰਥ ਵਰਗੀ ਏ ਡਾਇਰੈਕਟਰੀ ਆਵਾਸੀਆਂ ਨੂੰ ਮੁੱਖ ਰੱਖ ਕੇ ਬਣੀ ਹੈ
5795e96b54a02c64ffa2bfac,audio/3e828ea9353ee7653603b35e.flac,6.239562,ਜੇਕਰ ਸਾੜੀ ਪਹਿਨਣ ਵਿਚ ਤੁਸੀਂ ਪਰਫੈਕਟ ਨਹੀਂ ਹੋ ਤਾਂ ਸਾੜੀ ਨਾ ਪਹਿਨੋ
a4671a41c898769344976517,audio/b72ab63549f98ccdcad6220f.flac,3.399563,ਹੱਟੀ ਅੰਦਰ ਬੈਠਾ ਉਹ ਚਕਰਾ ਜਿਹਾ ਗਿਆ
47effd0288131ced194a3c2b,audio/760f4a967b9c1bb6f32ae097.flac,3.039563,ਨਾ ਪੁੱਤ ਵਡਾ ਨਾ ਧੀ ਛੋਟੀ ਹੋਈ
9e3ade73719579db5091df55,audio/4dccde65f9f5ace8517be79b.flac,7.319562,ਸੂਰਜ ਨਿਕਲਦਾ ਹੈ ਰਾਤ ਪੈਂਦੀ ਹੈ ਦਿਨ ਹਫਤੇ ਮਹੀਨੇ ਗੁਜ਼ਰਨੇ ਸ਼ੁਰੂ ਹੁੰਦੇ ਹਨ
d7a3e85617d8efec813861dd,audio/1464952f23b47a49596be2c6.flac,5.079562,ਇਹ ਅੰਮ੍ਰਿਤਸਰ ਤੋਂ ਹਰਗੋਬਿੰਦਪੁਰ ਨੂੰ ਜਾਣ ਵਾਲੀ ਸੜਕ ਤੇ ਸਥਿਤ ਹੈ
9c6dab439abfe026ae558c3f,audio/61c43de2b61065b83f152bd3.flac,7.359563,ਉਹਨਾਂ ਨੇ ਆਪਣੇ ਤਕੜੇ ਧਾਵੀਆਂ ਨੂੰ ਆਰਾਮ ਦੁਆਇਆ ਤੇ ਹਲਕੇ ਸਾਈਆਂ ਤੋਂ ਕਬੱਡੀਆਂ ਪੁਆਈਆਂ
72e8994dfd4fd1ab0be41849,audio/08b620c2cbcb4ad49a4c3094.flac,6.479563,ਦੋ ਤਿਨ ਪੈੱਗ ਲਾਉਣ ਮਗਰੋਂ ਨੇਤਾ ਜੀ ਅਸਲੀ ਰਾਹ ਚ ਗਏ
b779f4763d9adbe5d47471bf,audio/491f38babac0e7a8fee0fb84.flac,8.759562,ਸੋਨਲ ਚੌਹਾਨ ਮਾਇਆਨਗਰੀ ਦੀਆਂ ਖੁਸ਼ਕਿਸਮਤ ਅਭਿਨੇਤਰੀਆਂ ਵਿਚ ਨਾਂ ਦਰਜ ਕਰਵਾ ਚੁੱਕੀ ਹੈ
69b1ecda7fc3b10eb32aaeed,audio/7fb323cd8bbc345c33828def.flac,5.039562,ਦੀਵਾਨਾ ਬਣਾਉਣ ਵਾਲੇ ਇਸ ਨੌਜਵਾਨ ਦਾ ਨਾਂ ਹੈ ਜੱਸੀ ਲਾਇਲਪੁਰੀਆ
ed77caa9a6937741e6475713,audio/ca165e4c48137ad2f1cf1c03.flac,5.239562,ਧਾਰਮਿਕ ਸਮਾਗਮ ਵੀ ਅੱਜ ਕੱਲ੍ਹ ਸਮਾਜਿਕ ਹੀ ਹੋ ਨਿਬੜਦੇ ਨੇ
a526b3bcbe5301255159c1af,audio/572b91602c016bf76b496e6e.flac,7.879562,ਉਨ੍ਹਾਂ ਦੀ ਇਸ ਨਿਯੁਕਤੀ ਕਰਕੇ ਮੈਰੀਲੈਂਡ ਦੇ ਗਵਰਨਰ ਦਾ ਧੰਨਵਾਦ ਕੀਤਾ ਗਿਆ ਹੈ
f0a92c34acf5c43f6fa8c91e,audio/eedf07aef025bcee21b2ebed.flac,2.359563,ਉਹ ਹੀ ਫੁਰਨੇ ਲਿਖਾਉਣ ਦਾ ਹੈ
36f2e9e90ccd2cb560a2033c,audio/6ba207f98671eaaeffe43038.flac,2.519563,ਚਲ ਕਾਕਾ ਛੱਡ ਇਨ੍ਹਾਂ ਗੱਲਾਂ ਨੂੰ
242d49d40fbed19bfbd87bef,audio/88e52e42568797269a821303.flac,3.719562,ਖਾਣ ਪੀਣ ਅਤੇ ਸੌਣ ਦਾ ਸਮਾਂ ਨਿਸ਼ਚਿਤ ਹੋਣਾ ਚਾਹੀਦਾ ਹੈ
178ecae165645dceaf6afeee,audio/44eb6cdfa767d1de6ad3e1d7.flac,4.759563,ਅੱਜ ਗੁਰਪੁਰਬ ਹੋਣ ਕਰਕੇ ਉਥੇ ਬਹੁਤ ਹੀ ਭੀੜ ਸੀ
c55e6bf348ebd55f6db2cabb,audio/ee4771909658bec489ab1688.flac,2.839562,ਅਪਣਾਈ ਸੀ ਅਤੇ ਨਾ ਹੀ ਅਪਣਾਏਗੀ
1ac55385047879fc6e626366,audio/0db8799b88a6c30770b1d97b.flac,3.959812,ਦੁੱਧ ਝੰਗਾਉਣ ਤੋਂ ਪਹਿਲਾਂ ਆਪਣੀਆਂ ਛਾਤੀਆਂ ਚੰਗੇ ਤਰ੍ਹਾਂ ਸਾਫ ਕਰ ਲਓ
2d72499676de074946f3fea1,audio/a66c9bdb573c661a0d3a135e.flac,8.04,ਵੈਸੇ ਇਸ ਮਾਮਲੇ ਵਿੱਚ ਘੱਟ ਅਕਾਲੀ ਦਲ ਅਤੇ ਬੀਜੇਪੀ ਵਾਲੇ ਵੀ ਨਹੀਂ ਹਨ
2d29ef074c3ffab629c12803,audio/a67d0438f9f6936d04d66411.flac,4.879562,ਦਿੱਲੀ ਵਿਚਲੇ ਸਰਕਾਰੀ ਬੈਂਕਾਂ ਤੇ ਹੜਤਾਲ ਦਾ ਅਸਰ ਸਾਫ ਨਜ਼ਰ ਆਇਆ
4192574b2acde9f0ef2d12f5,audio/95e0dd4958fa8744dbf0135c.flac,5.279562,ਉਨ੍ਹਾਂ ਲੋਕਾਂ ਵਿੱਚ ਅਸੀਂ ਆਦਰ ਸਤਿਕਾਰ ਦੇ ਪਾਤਰ ਸਾਂ
73c85fdd634509730a5f68a2,audio/3ea9d6a99c7d7fad5d24bee9.flac,4.679563,ਅਮੀਸ਼ਾ ਪਟੇਲ ਅੱਜ ਕੱਲ੍ਹ ਕਾਫੀ ਤਣਾਅ ਵਿਚ ਦੱਸੀ ਜਾ ਰਹੀ ਹੈ
100c93653c835ecd31c15fd1,audio/0c1235a5177269ce5c48cf0b.flac,3.599563,ਸ਼ਹਿਰ ਅੰਦਰ ਲੋਕਾਂ ਦਾ ਹੜ੍ਹ ਆਇਆ ਪਿਆ ਸੀ
aed0ce511de00bbc96da064e,audio/391e697e0644658e4981b798.flac,5.359563,ਅਖ਼ਬਾਰਾਂ ਵਿੱਚ ਦੋਹਾਂ ਪਾਸਿਆਂ ਦੇ ਖ਼ਿਆਲਾਤ ਛਾਪੇ ਹਨ
4b79c4fe40bce679eaf4c965,audio/09fd00a80d415c9a8b063b22.flac,6.719812,ਗੁਰੂ ਨਾਨਕ ਦੇਵ ਜੀ ਨੇ ਬਾਅਦ ਵਿਵਾਦ ਦਾ ਰਾਹ ਛੱਡ ਕੇ ਸੰਵਾਦ ਦਾ ਰਾਹ ਅਪਣਾਇਆ
5f05a1dad515810aa29ebbe7,audio/505cf7bba4601c0e0ddace9a.flac,4.919562,ਸਾਡੇ ਵੇਲੇ ਵਿਆਹ ਮੈਰਿਜ ਪੈਲਸਾਂ ਵਿਚ ਨਹੀਂ ਸਨ ਹੋਣ ਲੱਗੇ
0e7bd99e9711cc61d61f8474,audio/11871ad59f10483bb9be3b12.flac,3.479563,ਹਰ ਪਾਸੇ ਅਗਿਆਨ ਦੀ ਧੁੰਦ ਪਸਰੀ ਪਈ ਹੈ
5b41b0d3fa2f6f4b5649b23b,audio/428c965571a85e38d53cfa52.flac,7.599563,ਆਪਣੇ ਗੁਰੂਆਂ ਦੀ ਧਰਤੀ ਨੂੰ ਨਮਸਤਕ ਹੋਣ ਲਈ ਹਰ ਸਿੱਖ ਤੀਬਰ ਇੱਛਾ ਰੱਖਦਾ ਹੈ
ab66e6250eb4b1dac239d9a5,audio/06469fc2f5e0a1d4530de0de.flac,4.199562,ਸੰਸਾਰ ਪੱਧਰ ਦੀ ਇਹ ਸਭ ਤੋਂ ਵੱਡੀ ਇਤਿਹਾਸਕ ਘਟਨਾ ਸੀ
f6f3d1008b13317451d7d70e,audio/b29ee9f18ef54c337f85ab73.flac,4.119562,ਇਸ਼ਕ ਕੀਤਾ ਸੂ ਜੱਗ ਦਾ ਮੂਲ ਮੀਆਂ
c790de6b5b230db9b11cfe6d,audio/235ac41dcd81ab5620d95158.flac,3.679562,ਇੱਥੇ ਦਿੱਤੇ ਗਏ ਸਵਾਲ ਜੁਆਬ ਆਮ ਜਾਣਕਾਰੀ ਵਾਸਤੇ ਹਨ
208899802382bbf68d5d35d9,audio/d1b16e3cdf2ffe8efd9f0d4a.flac,6.119562,ਜ਼ਰਾ ਗੌਰ ਕਰਨਾ ਸਿਆਣੇ ਆਖਦੇ ਨੇ ਬਹੁਤ ਔਖੀਆਂ ਇਹ ਭਲਵਾਨੀਆਂ ਨੇ
514e5ef5781762a3a46c223b,audio/d271b332aec02fdf340b8a52.flac,4.959562,ਤੁਸੀਂ ਅਸੀਂ ਅਤੇ ਕੋਈ ਵੀ ਉਸ ਨੂੰ ਮਹਿਸੂਸ ਕਰ ਸਕਦਾ ਹੈ
c874a32d2aa7d760d4ac5fcd,audio/3f3873c5bd55e92726f3d981.flac,2.639562,ਦੁਨੀਆਂ ਦੀ ਹਰ ਖ਼ਬਰ ਦੀ ਜਾਣਕਾਰੀ ਹੋਵੇ
332c53ca8431095668075989,audio/ed854c322c4bbb17601c4e34.flac,4.399563,ਤੀਜਾ ਇਨਾਮ ਨਿਤਿਨ ਗੁਰੂ ਨਾਨਕ ਨੈਸ਼ਨਲ ਪਬਲਿਕ ਹਾਈ ਸਕੂਲ
1df24c28f7ebeea388436753,audio/c660ae77c5c3a932714e8a13.flac,9.59,ਵੇਖਣ ਵਾਲਿਆਂ ਮੁਤਾਬਿਕ ਅਪਰਡ ਹਾਊਸ ਬਿਲਡਿੰਗ ਦੇ ਉਪਰ ਦੀ ਗੋਲੀ ਬਾਰੀ ਕੀਤੀ ਗਈ
d79d0d4afc82025590142fb0,audio/9df90fdbffdb0d21910eb487.flac,4.839563,ਉਨ੍ਹਾਂ ਨੂੰ ਤਾਂ ਸਿਰਫ ਖਾਣ ਲਈ ਰੋਟੀ ਅਤੇ ਪੀਣ ਲਈ ਪਾਣੀ ਹੀ ਚਾਹੀਦਾ ਹੈ
df5171c006dfd5d98d11acdd,audio/72419ded011dda8ad0b02aa7.flac,4.959562,ਗੁਰਦਾਸਪੁਰੀਆ ਸੱਭਾ ਤੇ ਪੱਪੂ ਅੰਪਾਇਰ ਬਣੇ ਹੋਏ ਸਨ
8e165d8aaf19f1c70bba26ee,audio/831d7e2253ed64ebccc0b0ce.flac,3.039563,ਸਾਜ਼ਾਂ ਦਾ ਕੋਈ ਅੰਤ ਨਹੀਂ ਸੀ
ebdef80bf1ac2308deb7f41f,audio/036b6e8ad2680001de8aed63.flac,7.29,ਵੋਟਾਂ ਹਾਸਲ ਕਰਨ ਲਈ ਪਾਰਟੀਆਂ ਅਤੇ ਉਮੀਦਵਾਰ ਸਭ ਕੁਝ ਮੰਨਣ ਨੂੰ ਤਿਆਰ ਹਨ
0e2c6ad6d00c4668524bfc31,audio/66bfc2c02dc1453cb274134e.flac,2.959563,ਪੱਕਿਆ ਪਪੀਤਾ ਮਿਲੇ ਤਾਂ ਜ਼ਰੂਰ ਖਾਓ
e937436d4dc7a10ebe22c0e5,audio/d8ff3d2633c7b54aea4cbf01.flac,5.479563,ਰਿਕੜ ਦੀ ਇਸ ਦਸ਼ਾ ਤੇ ਨਾ ਤੁਸੀਂ ਹੈਰਾਨ ਹੋ ਨਾ ਅਸੀਂ
1b1825b1339eee1d249f383f,audio/2af46f8d9b36e878ff6ba979.flac,4.119562,ਇਸ ਕਰਕੇ ਉਨ੍ਹਾਂ ਨੂੰ ਨਿੱਜੀ ਪੇਸ਼ੀ ਤੋਂ ਸ਼ੂਟ ਦਿੱਤੀ ਜਾਵੇ
1e50ce4ea95b91f6ab8c7439,audio/7cae79c0e197271d6e7d8af3.flac,6.039562,ਚਾਰਲਸ ਦੇ ਪਿਤਾ ਰਾਬਰਟ ਵਾਰਿੰਗ ਡਾਰਵਿਨ ਖੁੱਲ੍ਹ ਖਿਆਲੀਆਂ ਸਨ
5a53a34bc67c7c5780be2712,audio/b52e67672ee9ecf6523ee524.flac,5.759563,ਅੱਠ ਜੇ ਕੋਈ ਗਲਤ ਅੱਖਰ ਪੈ ਜਾਵੇ ਉਸ ਨੂੰ ਉਦੋਂ ਹੀ ਠੀਕ ਕੀਤਾ ਜਾਵੇ
2617b0ca1d0c7ff4fe21d3df,audio/82fe1b89552438cd5ff1891a.flac,4.799563,ਇਸ ਲਈ ਹੌਲੀ ਹੌਲੀ ਪੀਣ ਨਾਲ ਹੈਂਗ ਓਵਰ ਦਾ ਖਤਰਾ ਘੱਟ ਹੁੰਦਾ ਹੈ
cb00db40f0cc54fd1f4b4139,audio/2b307417cdcaa27cc4872f86.flac,3.679562,ਜਿਸ ਦਾ ਭੋਗ ਦਸੰਬਰ ਨੂੰ ਸਵੇਰੇ ਅੱਠ ਵਜੇ ਪਵੇਗਾ
2dd25fb981c81a2add967e4b,audio/4e3d8874c80ae066d2b12888.flac,7.199562,ਇਸ ਕਾਰਨ ਮਨੀਮਾਜਰਾ ਦੇ ਦੁਕਾਨਦਾਰਾਂ ਨੂੰ ਲੱਖਾਂ ਰੁਪਏ ਦਾ ਨੁਕਸਾਨ ਝੱਲਣਾ ਪਿਆ
badb404e341b8e4517e0912e,audio/c9e59bf3f1f49c249813b2bc.flac,5.439563,ਕੁਝ ਦੇਸ਼ਾਂ ਵਿਚ ਜੀਵਨ ਸਾਥੀ ਨਾਲ ਦੁਰਵਿਹਾਰ ਕੋਈ ਜੁਰਮ ਨਹੀਂ ਹੁੰਦਾ
9f5f849195d949c061eec08b,audio/c483c25a94255bccbd7b6c08.flac,2.599563,ਇਸ ਦਾ ਪਿਛੋਕੜ ਕੀ ਹੈ
1d1a552d2196ef7330cac47e,audio/421c890d12f169b35df3cd12.flac,2.399563,ਖੇਤ ਵੀ ਇਕੱਠੇ ਹੀ ਸੀ
58e0dff44d7b47e3386bd572,audio/dbd1ac3c975ba4c78c419c29.flac,3.639562,ਇਹ ਸਦੀ ਪਿਛਲੀਆਂ ਸਭ ਸਦੀਆਂ ਤੋਂ ਵਿਲੱਖਣ ਸੀ
a2f6c3521b9f5a7c9a01cb8f,audio/37e926eb93605bf5b2cd6bde.flac,7.159562,ਅਸੀਂ ਵੀ ਭੁੱਖ ਦੀ ਜਰੂਰਤ ਦੀਆਂ ਚੀਜ਼ਾਂ ਭੋਜਨ ਲੋੜ ਮੁਤਾਬਕ ਖਾਂਦੇ ਹਾਂ
114bbab66f5a03b83128d9e6,audio/97934e128380df19192d5051.flac,4.159562,ਇਹ ਨੈਕਸਜ਼ ਕਾਰਡ ਡਰਾਈਵਿੰਗ ਲਾਈਸੈਂਸ ਵੀ ਹੋ ਸਕਦਾ ਹੈ
a80ba3fe6e686be082dd1b1b,audio/4282cfe91f153b5e4c8df564.flac,5.199562,ਕਮਲ ਜੈਨ ਇਰੋਸ ਇੰਟਰਨੈਸ਼ਨਲ ਦੇ ਚੀਫ ਨਾਲ ਅਫਸਰ ਹਨ
782203d4ef1b6b39a87a9555,audio/8954c4fd9fbd6883f30748b2.flac,2.559563,ਉਥੇ ਮੈਂ ਸਾਢੇ ਚਾਰ ਸਾਲ ਰਿਹਾ
75c680cb699d72f4c978024c,audio/8a72855973dd62d64f664e2a.flac,6.639563,ਉਨ੍ਹਾਂ ਦੇ ਕੋਲ ਬੈਠੇ ਸੀਸੀ ਪਾਟਿਲ ਵੀ ਮੋਬਾਇਲ ਤੇ ਨਜ਼ਰਾਂ ਟਿਕਾਈ ਬੈਠੇ ਹਨ
fa2c7c19be6f9e94764459c0,audio/505efd15724bf3e129a21046.flac,3.919563,ਸਗਲ ਸਮਗਰੀ ਤੁਮਰੈ ਸੂਤਰ ਧਾਰੀ
53bd9f6a7a6a26fd179ed5d5,audio/3d09ffa6584c9858bff743fa.flac,4.719563,ਗਰੀਬ ਲਾਚਾਰ ਅਤੇ ਭੁੱਖੇ ਲੋਕਾਂ ਦੀ ਆਖਰ ਕੌਣ ਅਤੇ ਕਦੋਂ ਸੁਣੇਗਾ
2996c6c9d8c4a176c320bc01,audio/c0c9fcaac0a4060132bdcf58.flac,4.199562,ਆਪਣੇ ਖੁਦ ਇਲਾਜ ਦਾ ਸਿਧਾਂਤ
214362a50365eb8ccf874e2c,audio/f04cbc27ca60af568bd9b559.flac,6.919562,ਜੈਕੀ ਸ਼ਰਾਫ ਵਿਰੁੱਧ ਇਕ ਵਾਰ ਤਬੂਨੇ ਵੀ ਕੁਝ ਅਜਿਹਾ ਹੀ ਦੋਸ਼ ਲਗਾਇਆ ਸੀ
e1974a1caf6e34e83a95f585,audio/a723f8db5e06946d6291ea6a.flac,7.199562,ਸਾਡਾ ਸ਼ਹਿਰ ਜਗਰਾਓਂ ਤੇ ਨਾਨਕਸਰ ਕਲੇਰਾਂ ਵੀ ਇਥੋਂ ਮਸਾਂ ਵੀ ਕੁ ਕਿਲੋਮੀਟਰ ਹਨ
970248c989c6ccb7946caaa0,audio/d4a01c577c2a8d622c0561a0.flac,6.679812,ਸਰਕਾਰ ਨੂੰ ਉਸ ਸਦਨ ਬਾਰੇ ਆਪਣੀ ਰਣਨੀਤੀ ਨਵੇਂ ਸਿਰਿਓਂ ਵਿਚਾਰਨੀ ਪਵੇਗੀ
4ffde90b7cfba3a92ecb0c1c,audio/7e41be94b6448fca590cf6e2.flac,4.399563,ਤੁਸੀਂ ਆਪਣੇ ਮਨ ਦੇ ਵੀ ਆਖੇ ਨਹੀਂ ਲੱਗ ਸਕਦੇ
939dfdbf8e576679c74c4a20,audio/8814a9564a7e63eae6a94b6b.flac,3.919563,ਇਕ ਦਿਨ ਕੰਟੀਨ ਵਿਚ ਸਾਡਾ ਮੇਲ ਹੋਇਆ
ef446f65903cf879d805a7e0,audio/dcc04882be5869fc920670da.flac,5.159562,ਜੇਕਰ ਬੋਟਿੰਗ ਦਾ ਪ੍ਰਬੰਧ ਹੋਵੇ ਤਾਂ ਉਸ ਦਾ ਮਜ਼ਾ ਲੈਣਾ ਨਾ ਭੁੱਲੋ
c947196750eb77247b622f4c,audio/7212d016850b4cc7a84ffb61.flac,8.68,ਵੇਖਣਾ ਹੈ ਕਿ ਦੀਪਿਕਾ ਤੇ ਖੁਸ਼ ਹੋਣ ਵਿਚ ਸਲਮਾਨ ਕਿੰਨਾ ਸਮਾਂ ਲਾਉਂਦਾ ਹੈ
f6f7bde759d6afbf86017f5b,audio/538e6d0de16a57d41201cf13.flac,6.319562,ਇਨ੍ਹਾਂ ਕਸਬਿਆਂ ਦੀ ਜ਼ਮੀਨ ਮਾਰੂ ਪਾਣੀ ਕਾਰਨ ਬੰਜਰ ਬਣਦੀ ਜਾ ਰਹੀ ਹੈ
7f3d2d1dd8db0a35ea408459,audio/2e4ae91732fdb13264e853c9.flac,4.839812,ਇਟਲੀ ਦੀ ਟੀਮ ਨੇ ਟਾਸ ਜਿੱਤਿਆ ਤੇ ਚੰਨੇ ਹੀਰੇ ਵਾਲੇ ਨੇ ਪਹਿਲੀ ਰੇਡ ਪਾਈ
57ad0772882b171b58e14d0b,audio/e769b5c070943aa16557be03.flac,5.519563,ਜਲਦੀ ਦੂਜੀ ਮੀਟਿੰਗ ਬੁਲਾ ਕੇ ਮਨੋਰਥ ਪੱਤਰ ਨੂੰ ਅੰਤਮ ਰੂਪ ਦੇਣ ਦਾ ਵਿਚਾਰ ਹੈ
abb2384cfc5db9732bd89e4a,audio/7b92ad652b240b8663a5d4bf.flac,3.319562,ਦੂਜਾ ਹੈ ਹਰ ਪੱਖ ਤੋਂ ਕੀਤਾ ਗਿਆ ਵਿਕਾਸ
a45b4573d89aa24ec00d64e5,audio/5d8baaecda23f416f741451b.flac,3.759562,ਗੁਰਬਾਣੀ ਗਿਆਨ ਵਿਚ ਪਰਿਵਾਰ ਦੀ ਵਿਸ਼ੇਸ਼ ਰੁਚੀ ਹੈ
497af2adbf5ea3452147e0f4,audio/e9fa81164563ce9ac583b4c4.flac,5.399563,ਇਹੋ ਹੈ ਮੇਰਾ ਵਿਸ਼ਵਾਸ ਪਰ ਤੁਸੀਂ ਇਸ ਵਿਸ਼ਵਾਸ ਨੂੰ ਸੱਚ ਕਰ ਵਿਖਾਇਆ ਹੈ
4feb2090138dd47d054054b7,audio/9484fdb62860a305232e105d.flac,2.719562,ਨਾ ਕੋਈ ਨ੍ਹੇਰਾ ਵੇਖਦਾ ਸੀ ਨਾ ਸਵੇਰਾ
165f2a83dadb562f974ddccd,audio/e000fc046731490658360e59.flac,6.559563,ਡਾਇਲਸਿਸ ਅਤੇ ਆਯੁਰਵੈਦ ਟ੍ਰੀਟਮੈਂਟ ਇਲਾਜ ਵਿਚ ਕੀ ਫਰਕ ਹੈ
6bb53d8be747732de4a5a779,audio/0fd318c423a411634c1ef7c4.flac,6.119562,ਸੰਗੀਤਕਾਰ ਜਾਂ ਗਾਇਕ ਵਜੋਂ ਦਰਜਨਾਂ ਹੀ ਫਿਲਮਾਂ ਵਿਚ ਉਸ ਨੇ ਹਾਜ਼ਰੀ ਲਵਾਈ
41da2d47acb75c705055067d,audio/aa0854bbea0740b21ca6cf08.flac,3.039563,ਜ਼ਬਰ ਜੁਲਮ ਦੀ ਜਾਲਮਾ ਅੱਤ ਚੁੱਕੀ
d6115ef2e00252f881585149,audio/a600dd892d555eb93589c017.flac,3.199562,ਛੋਟੀ ਇਲਾਇਚੀ ਅਤੇ ਵੱਡੀ ਇਲਾਇਚੀ
0c6658ac2fc51e6dd37cd8f1,audio/35d2d0076d986d2140766813.flac,3.639562,ਇਨ੍ਹਾਂ ਚੋਂ ਇਕ ਲੱਖ ਬੱਚਾ ਭਿਖਾਰੀ ਹੈ
39979743366f66dff39e0ac0,audio/e15f524e6022beb38d04db29.flac,3.119562,ਇਸ ਬਿਮਾਰੀ ਦਾ ਤੁਹਾਡੇ ਕੋਲ ਇਲਾਜ ਹੈ
833171b240077e7f0deefc14,audio/36395efd1f61fb35ec24b0a2.flac,7.119562,ਕਿਸੇ ਵੀ ਦੇਸ਼ ਦਾ ਨਾਂ ਸੋਚ ਸਮਝ ਕੇ ਵਰਤਣਾ ਚਾਹੀਦੈ ਅਤੇ ਸਹੀ ਵਰਤਣਾ ਚਾਹੀਦੈ
a2386cc06f8f2165ea16e07a,audio/341bbbfe479b87937f470140.flac,2.839562,ਅਮਲ ਫੇਰ ਕਿਹੜੇ ਪਾਠ ਉਤੇ ਕਰਨਾ ਸੀ
879a2c9326f38d358a148e44,audio/22b52444d42b1630038c2052.flac,4.079562,ਅਸੀਂ ਸਾਗ ਬਣਾ ਕੇ ਦਿੱਤਾ ਤਾਂ ਦੂਜੇ ਨੇ ਆਲੂ
0ced6fd10a0c4415f9bd643e,audio/213cfeef8e8c36a0df04406c.flac,3.319562,ਸ਼ੁਰੂ ਵਿਚ ਮੈਂ ਘਬਰਾ ਜਾਂਦਾ ਸਾਂ
ba68bee08c0efd5d27664159,audio/bcf16c85b984a58b2052350d.flac,3.999563,ਟੈਂਪਰਿੰਗ ਹੋਇਆ ਸਰੀਰ ਪੀੜਾ ਦੇਣੀ ਸ਼ੁਰੂ ਕਰ ਦਿੰਦਾ ਹੈ
179e43bbcd8d20578c1c65b0,audio/e60a93c3dd13c073476bc62f.flac,3.399563,ਟੇਬਲ ਉਤੇ ਸੂਰੀ ਕਾਂਟੇ ਟੰਗ ਕੇ ਰੱਖੇ ਸਨ
72e7bb3d09ba98d534570b2f,audio/f6917a94a0dfe90bc111727f.flac,5.919562,ਟਿਕਟ ਲੈ ਕੇ ਸਫਰ ਕਰਨ ਵਾਲਿਆਂ ਤਾਂ ਇੰਸੋਰੈਂਸ ਦਾ ਪੈਸਾ ਵੀ ਮਿਲਦਾ ਹੈ
1b60f0536939cf1c0fc86080,audio/864b185129b3f3bdfe63bcce.flac,4.599563,ਸਾਇਕਲ ਠੀਕ ਕਰਕੇ ਘਰੇ ਪਹੁੰਚਾ ਦੇਵਾਂਗਾ
d56ef0099d0eb1b37ac5e0d2,audio/fe80ce4172655cbcd5a90bd2.flac,3.879563,ਕੁਝ ਇਕਨਾਂ ਦਾ ਮਾਣ ਸਨਮਾਨ ਵੀ ਹੋਵੇਗਾ
0314b0ce6493cadf55b95258,audio/275eb05f6b3359a8986bfe0d.flac,5.119562,ਉਨ੍ਹਾਂ ਨੂੰ ਮੁਫਤ ਕਬੱਡੀ ਨਾਲ ਖਾਣ ਪੀਣ ਨੂੰ ਵੀ ਮੁਫ਼ਤ ਮਿਲਦਾ ਰਿਹਾ
2c3259903d5ff32ca7385880,audio/502ef290f0273847dd6bb71f.flac,2.599563,ਜਿਸ ਕਾਰਨ ਇਹ ਹਾਦਸਾ ਵਾਪਰਿਆ
587e35c85fa1de4ef2270100,audio/b3d1b87ffa85167cae5a40fa.flac,8.98,ਵੇਖੇ ਕਿ ਪੈਰੀਂ ਤੁਰਨ ਦਾ ਕਿਹੋ ਜਿਹਾ ਸਰੂਰ ਹੈ ਤੇ ਕਿਹੋ ਜਿਹਾ ਅਨੰਦ ਹੈ
6d6c5b90dcd3869e00e6d747,audio/0eb512fdccc990de8245d73d.flac,7.359813,ਗਵਾਹਾਂ ਆਦਿ ਨੂੰ ਪੇਸ਼ ਕਰਨ ਵਾਸਤੇ ਟ੍ਰਿਬਿਊਨਲ ਵਲੋ ਮੈਨੂੰ ਕਾਫੀ ਨੋਟਿਸ ਭੇਜੇ ਲਿਆ
544fe3e2760edcbe3d62cce9,audio/522650d0a93727ae5a1762af.flac,5.079562,ਸਾਡੀ ਜਮਾਤ ਚ ਇਕ ਬੜਾ ਅਵੈੜਾ ਮੁੰਡਾ ਪੜ੍ਹਦਾ ਸੀ
5ef9d9cd0fd1c4cfde865cc2,audio/ec64c0e560fa3a2c6502453b.flac,3.719562,ਇਸੇ ਕਰਕੇ ਜਾਤਪਾਤ ਸਿਸਟਮ ਸਦੀਆਂ ਤੋਂ ਬਰਕਰਾਰ ਹੈ
5390bc0d3cc63f668235c50c,audio/1e3750835b4020cea598a6ef.flac,3.039563,ਜੋ ਨਾ ਸੁਣਦੇ ਤੇ ਨਾ ਦੇਖਦੇ ਨੇ
f40a0a959552362078a0aa9b,audio/cd0099ecc9428495cad9ced8.flac,3.599563,ਕੋਈ ਵੀ ਵਿਅਕਤੀ ਸੰਪੂਰਨ ਨਹੀਂ ਹੋ ਸਕਦਾ
a180a2ffa3a806ee412effc3,audio/eb13914299ba7c723baa4aef.flac,3.239562,ਠੰਡਾ ਹੋਣ ਤੇ ਚਿਹਰੇ ਤੇ ਲਗਾਓ
b37dbe9fce47c0bc9fcfdc94,audio/9de933cd7f55c7e03a00d46f.flac,6.239562,ਚਾਹ ਪਾਣੀ ਦੀ ਸੇਵਾ ਵੀ ਚੀਨੀ ਕਮ ਹੈ ਵਾਲਾ ਰੂਪ ਧਾਰ ਗਈ ਹੈ
c2c70df2affe263c8b08bddf,audio/8a6fbd02114d4e7e01349211.flac,8.159562,ਜੇ ਕੰਟਰੋਲ ਹੋਮ ਦੱਬਾਂਗੇ ਤਾਂ ਕਰਸਰ ਡਾਕੂਮੈੰਟ ਦੇ ਬਿਲਕੁਲ ਆਰੰਭ ਵਿੱਚ ਪਹੁੰਚ ਜਾਵੇਗਾ
7a6eceec906f1e01e0543be8,audio/cda6ae77738774634c4f0a88.flac,3.959563,ਆਖ਼ਰ ਮੈਂ ਕਿਸ ਲਈ ਜੀਅ ਰਿਹਾ ਸੀ
7402829ab517dd828f960397,audio/b0fb74b28486acacdc2ed765.flac,6.159562,ਹੋਰ ਕਈ ਰੋਗਾਂ ਵਾਂਗ ਇਲਜ਼ਾਮ ਵੀ ਵੱਖਵੱਖ ਕਿਸਮ ਦੀ ਹੋ ਸਕਦੀ ਹੈ
54e7688ba15e5f56a9ac8c0c,audio/62ea44806ec271f6c6c8def5.flac,4.799563,ਪਤੀ ਤਾਂ ਕਹਿੰਦੇ ਨੇ ਪਰਮੇਸ਼ਰ ਬਰਾਬਰ ਸਮਝਣਾ ਚਾਹੀਦਾ ਹੈ
a4a5e6f1395002dc98871b36,audio/b1c607bc3112d6d5d5e0bb1b.flac,3.519563,ਅਗਰ ਕਨੇਡਾ ਤੋਂ ਛੇ ਮਹੀਨੇ ਤੋਂ ਵੱਧ ਰਹਿੰਦੇ ਹੋ
cd2f970318a1b4f009451fbd,audio/be46106e6f1929fc87c58d01.flac,6.399563,ਆਂਧਰਾ ਪ੍ਰਦੇਸ਼ ਦੇ ਪ੍ਰਕਾਸ਼ ਜ਼ਿਲ੍ਹੇ ਦੀ ਰਹਿਣ ਵਾਲੀ ਤਾਰਾ ਫਿਲਮ ਸਟਾਰ ਬਣਨਾ ਚਾਹੁੰਦੀ ਸੀ
c0d8942442693f879a3f73cd,audio/1edeca973233bb95849a1d27.flac,2.679562,ਇਹ ਸੰਗਤ ਦੀ ਆਪਣੀ ਸ਼ਰਧਾ ਹੈ
0560e4701ebfe8199e2df6f1,audio/463ba9a586e6bde1c6727dc9.flac,6.359563,ਦੋ ਫਰਾਰ ਹਮਲਾ ਵਾਰ ਦੀ ਪਛਾਣ ਤੇਜਿੰਦਰ ਪਾਲ ਤੇ ਵਿਸ਼ਨੂੰ ਗੁਪਤਾ ਵਜੋਂ ਹੋਈ ਹੈ
61b6e74d01b3527a7c4d5fac,audio/5740204284023c156679c891.flac,3.959563,ਆਖਿਰ ਮੈਨੂੰ ਘਰਦਿਆਂ ਦੇ ਖਿਲਾਫ਼ ਹੀ ਕਦਮ ਉਠਾਉਣਾ ਪਿਆ
8d168af10afc1b2963ea50f1,audio/e41e87f3dea0b889196e377f.flac,5.399563,ਕਾਂਗਰਸ ਦੀ ਸਿਆਸਤ ਗਰਮਾਉਣ ਦੇ ਆਸਾਰ ਬਣਨ ਲੱਗੇ
e05f8a6bfbd60d4aaf8d6366,audio/a045ff753dca83844c45b9d9.flac,5.879562,ਤਦ ਤੱਕ ਧੁੱਪ ਲਿਸ਼ਕ ਪਈ ਸੀ ਪਰ ਮੈਦਾਨ ਅਜੇ ਆਠਰਿਆ ਨਹੀਂ ਸੀ
2ba33bc3a278055e368cff0b,audio/a399ce2ff61897b7b823f7d8.flac,8.57,ਵੈਸ਼ਨੂੰਆਂ ਲਈ ਡਿਨਰ ਤੋਂ ਬਾਅਦ ਦੁੱਧ ਦੇ ਗੱਫੇ ਵਰਤੇ ਜਾਂਦੇ ਰਹੇ
870ee8b9febc5148292216c7,audio/282441b840b28f03690203c8.flac,4.519563,ਅਗਲੇ ਨੇ ਤਾਂ ਉਹਨੂੰ ਦੁਹਾਜੂ ਹੀ ਮੰਨਣਾ ਸੀ
9db9e588cd0e85075392b016,audio/96958c7ef7407f76946ba4e2.flac,2.759812,ਇਸੇ ਦੌਰਾਨ ਇਨ੍ਹਾਂ ਬੱਚਿਆਂ ਦਾ ਆਪਸ
03d486eae561f465f7b7445e,audio/8c52db8c8781196a8b85274b.flac,4.919562,ਜਨਵਰੀ ਦਾ ਮਹੀਨਾ ਹੋਣ ਕਰਕੇ ਸੂਰਜ ਵੀ ਛੇਤੀ ਛਿੱਪ ਜਾਂਦਾ ਹੈ
f881b0270f20ccefa5d8b554,audio/9fd93efce69543357bd5d74a.flac,6.119562,ਇਸ ਸਾਰੇ ਦੇ ਮੁੰਬਈ ਲੜੀਵਾਰ ਬੰਬ ਧਮਾਕਿਆਂ ਦੇ ਸਬੰਧ ਵਿਚ ਲੋੜੀਂਦੇ ਹਨ
747ed95c3e088384241e3924,audio/4fea0a105f1676a7cbe5f51f.flac,7.68,ਵੇਖੋ ਹੁਣ ਬੋਤਾ ਇਸ ਕੇਸ ਵਿੱਚ ਕਿਹੜੇ ਰੁਖ ਬੈਠਦਾ ਹੈ
4a16436e0733b8006cc0e016,audio/32bf18f7895dbbc6a8b27747.flac,6.479563,ਉਨ੍ਹਾਂ ਉਪਰ ਤਾਂ ਇਹ ਗੱਲ ਢੁੱਕਦੀ ਹੈ ਲਾਹ ਲਈ ਲੋਈ ਕੀ ਕਰੇਗਾ ਕੋਈ
8844553ccbfbc5b8cc713c6c,audio/7616f8d8f33dbd95ae4e38a1.flac,2.599563,ਪਰ ਉਹ ਕੋਈ ਇਕੱਲੇ ਨਹੀਂ ਸਨ
eb6d86c28c960c43473882b5,audio/66308b0ed7d1171d398a024b.flac,2.199562,ਨਾਲ ਹੀ ਮਰਜੇ ਖਾ ਕੇ
bd2dc0a154063ae266428ee7,audio/fa7534fb04b4bb121788acc7.flac,3.519563,ਇੱਥੇ ਉਸ ਨੂੰ ਗੋਲਡ ਮੈਡਲ ਨਾਲ ਸਨਮਾਨਿਆ ਗਿਆ
e8b63561dd106d1500ac81ed,audio/a2c8dacbf92d6f33d00d7265.flac,4.959562,ਖਾਸ ਗਲੋਅ ਲਈ ਡਾਇਮੰਡ ਅਤੇ ਸਿਲਵਰ ਫੇਸ਼ੀਅਲ ਵੀ ਲੈ ਸਕਦੇ ਹਨ
7e73cf9eda63b89fc3fce186,audio/b28c422bbc174d1fdcc077b1.flac,6.679563,ਕੇਲੇ ਚ ਕਈ ਵਧੀਆ ਤੱਤ ਹਨ ਇਸ ਲਈ ਇਸ ਗੱਲ ਤੇ ਗੌਰ ਨਾ ਕਰੋ
1eb694a63b0781273b82e94f,audio/38c53c70b6f8c1091525c851.flac,6.639563,ਅਸਪੱਸ਼ਟ ਵਿਚਾਰ ਲੰਬੇ ਤੇ ਗੁਲਝਲਦਾਰ ਵਾਕਾਂ ਤੇ ਪੈਰਿਆਂ ਨੂੰ ਜਨਮ ਦਿੰਦੇ ਹਨ
eff0b438867900b02cd8d538,audio/1d1d3336517ef3d9adccff98.flac,5.319562,ਦੀਵਾ ਲਈ ਦੀਵਿਆਂ ਵਾਲੀ ਅਰਥਾਤ ਦੀ ਪਾਵਲੀ ਸ਼ਬਦਾਂ ਦਾ ਸੁਮੇਲ ਹੈ
0cb1ae7e1d6ca42350cc978c,audio/9f3a5fe003fff29f247f5186.flac,3.959563,ਚੀਰ ਫਾੜ ਚੰਗੀ ਕਰ ਲੈਨੈਂ ਆਪਣੇ ਸਾਹਿਤ ਦੀ
a8888eb2a0c58f9048bbc0c2,audio/63274c8d4dbd2ffb9630d805.flac,6.399563,ਇਸ ਵਾਰ ਫੀਸਦੀ ਵੋਟਰਾਂ ਨੇ ਆਪਣੇ ਵੋਟ ਅਧਿਕਾਰ ਦਾ ਇਸਤੇਮਾਲ ਕੀਤਾ
909130383e1b1d427eff8e15,audio/0e6d7b481b72ee062c7d9254.flac,5.079562,ਕਿਸੇ ਨੇ ਸੱਚ ਹੀ ਕਿਹੈ ਸੁੰਦਰਤਾ ਸਦੀਵੀ ਅਨੰਦ ਹੈ
6c3eb258f0a683cc026a430f,audio/c2e13837190f95d6aab0c526.flac,8.38,ਵੇਖ ਲਿਓ ਯਾਰੋ ਉਹੀ ਵਿਚੇ ਲਾਂਬੂ ਲਾਉਣਗੇ
1a979c196575c69834894a61,audio/959ca37497b6e345758e9d8e.flac,11.14,ਵੇਖਣਾ ਤੇ ਵਾਚਣਾ ਤਾਂ ਇਹ ਹੈ ਕਿ ਉਹ ਅਨੁਭਵ ਬੋਲਦਾ ਕਿਹੜੇ ਪੈਂਤੜੇ ਤੋਂ ਹੈ
7f32cf1c1f1e0acc53f636fa,audio/f4a67b209a526b473b4f2735.flac,2.279562,ਕਿੰਨੀ ਹਾਸੇ ਵਾਲੀ ਗੱਲ ਹੈ
a2a45530edc1b03bf0a10643,audio/f0e9529bcfff67dd36c73b8f.flac,6.69,ਵੇਖਣ ਵਾਲਿਆਂ ਨੂੰ ਉਥੇ ਲੱਗਾ ਵੇਖ ਕਿੰਨਾ ਮਾਣ ਮਹਿਸੂਸ ਹੋਵੇਗਾ
30a90ddd70972416f9d7fa81,audio/26b588f6ec794ccff5719ecd.flac,6.54,ਵੇਖਿਓ ਗੱਡੀਆਂ ਵਾਲਿਓ ਕਿਤੇ ਦਿਲ ਨਾ ਛੱਡ ਜਿਓ
5782650ce55c6663185ad871,audio/a5677a2db35152f95b22713f.flac,7.079562,ਜੇ ਪੰਜਾਬੀ ਗੱਭਰੂ ਮੁਟਿਆਰਾਂ ਅਣਖੀਲੇ ਕਹਾਉਂਦੇ ਨੇ ਤਾਂ ਸ਼ਰਮਹਯਾ ਵੀ ਇਨ੍ਹਾਂ ਦਾ ਗਹਿਣਾ ਹੈ
505e8cba78a65f88a9cd8090,audio/7dd3d1806269a64695e1e46a.flac,4.279562,ਇਸ ਸਮੇਂ ਅਚਾਨਕ ਉਸ ਦੀ ਮੌਤ ਦੀ ਖ਼ਬਰ ਆ ਗਈ
7c2d825a151987f85409a732,audio/47061b61218523fc8235f09b.flac,4.599563,ਉਨ੍ਹਾਂ ਦੇ ਮਨ ਚ ਹਰ ਸਮੇਂ ਕੰਮ ਹੀ ਛਾਇਆ ਰਹਿੰਦਾ ਹੈ
0860a31e7374e8ab86d77f8b,audio/bf01ef3995cb6647acbee98b.flac,12.59,ਵੇਖਿਆ ਕਵਿਤਾ ਦੀ ਦਾਦ ਦੇਣ ਵਾਲਿਆਂ ਵਿੱਚ ਨਵਤੇਜ ਸਿੰਘ ਪ੍ਰੀਤ ਲੜੀ ਵੀ ਸ਼ਾਮਿਲ ਸੀ
a8cb247b007a253f3d5f76bd,audio/1b812809733363a6bf8f7a8a.flac,3.359563,ਸਤਿ ਸ੍ਰੀ ਅਕਾਲ ਸਾਹਿਬ ਜੀ
a4ce982c72ba3f62c7ce6659,audio/4bdbc97f4b5e1239ae09e5dd.flac,5.479563,ਗ੍ਰਿਫਤਾਰ ਕੀਤੇ ਜਥੇ ਨੂੰ ਨਾਭੇ ਦੀ ਜੇਲ੍ਹ ਵਿਚ ਡੱਕ ਦਿੱਤਾ ਗਿਆ
4bed23883a7cfc1ced127fc6,audio/3edab3040aa79f27b90141ba.flac,3.559563,ਅਮਰਿੰਦਰ ਗਿੱਲ ਦੀ ਨਵੀਂ ਫਿਲਮ ਦੀ ਸ਼ੂਟਿੰਗ ਸਪਤੰਬਰ ਤੋਂ
e2e6eadf74f2609be2224d34,audio/d369b188a423357c24e41f8d.flac,7.29,ਵੇਖਦੇ ਤਾਂ ਇਸਨੂੰ ਹਿੰਦੂ ਸਿੱਖ ਸਾਰੇ ਹੀ ਰਲ ਮਿਲ ਕੇ ਸਨ
a2102d04acac42c83bc7f9fa,audio/c3fd1612f2b0b2994c0b03cb.flac,5.359563,ਇੰਜ ਉਨ੍ਹਾਂ ਦਾ ਨਾਂ ਸਟਾਰ ਖਿਡਾਰੀਆਂ ਵਿਚ ਸ਼ਾਮਲ ਹੋ ਗਿਆ
9d0bdf81c9ff36a004cc2095,audio/48fff1701b5e2271e99c3ab8.flac,7.42,ਵੇਚ ਲੀਡਰਾਂ ਸ਼ਰਮ ਜਦ ਖਾਈ
fa32ab3a2ed30f75b3b1c8fd,audio/923c297409bcdfa5c3759ad9.flac,4.799563,ਜਸਵਿੰਦਰ ਕਲਵੰਤ ਦੀ ਤਰਫ਼ ਤੱਕਦਾ ਰਿਹਾ
44bc2162f686431a0c45d377,audio/a5db646b80496315e6aba7d4.flac,2.919563,ਕਿਡਨੀਆਂ ਕੀ ਕੰਮ ਕਰਦੀਆਂ ਹਨ
9446bf94495cb5b5e1804867,audio/d36cf00f58b2fb5f26c6e8f1.flac,4.479563,ਸ਼ਾਮ ਨੂੰ ਪਹਿਲਾ ਪੂਰਮ ਦੋ ਪਾਰਟੀਆਂ ਨਾਲ ਕੀਤਾ ਜਾਂਦਾ ਹੈ
44c05c652fb2b28d8cfe5900,audio/ad5aa4cdf8c6d5e96e4bf55a.flac,4.159813,ਇਨ੍ਹਾਂ ਲੋੜਾਂ ਨਾਲ ਚੰਗੇ ਨਤੀਜੇ ਕੱਢੇ ਜਾ ਸਕਦੇ ਸਨ
967df5d174b023555e61f0b7,audio/a3e7b4b00a7927612a11209d.flac,4.839563,ਇਸ ਵਿਚ ਬਾਦਲ ਦਾ ਨਾਂ ਪ੍ਰਮੁੱਖਤਾ ਨਾਲ ਚਰਚਾ ਚ ਆ ਚੁੱਕਾ ਹੈ
bea101580e08f16fa022018d,audio/63ddbb0ee6283980dc684da6.flac,3.159562,ਸੀਮਾ ਪਿੰਡ ਚੂਹੜ ਤੈਅ ਨਕੋਦਰ
c695554ddbd91e297c5c040b,audio/86c34fc0d82fb376ce230c3c.flac,3.599813,ਉਦੋਂ ਭੂਤਾਂ ਪ੍ਰੇਤਾਂ ਦੀਆਂ ਗੱਲਾਂ ਆਮ ਹੁੰਦੀਆਂ ਸਨ
3b351778628003488c22ea5f,audio/f37354db5c01b9bb11ac82ea.flac,3.439812,ਉਨ੍ਹਾਂ ਨੂੰ ਧੀ ਦਾ ਕੋਈ ਥੋਹਪਤਾ ਨਹੀਂ ਲੱਗਦਾ
5a6373644113ea74aa6760c7,audio/aef959224623856cc44959a4.flac,3.879563,ਸੇਵਾ ਸਿੰਘ ਸੇਵਾਵਾਂ ਸਿੱਖਿਆ ਮੰਤਰੀ ਬਣੇ
e43b83e067260baccf8cace4,audio/1c8997ba4438324515196805.flac,2.959563,ਜਿਵੇਂ ਕੋਈ ਚੋਰ ਫੜਿਆ ਗਿਆ ਹੋਵੇ
ff24745ef9d85a1c874709e7,audio/5dcdc1b3fbb9907e8771c5f2.flac,6.639563,ਸਰਕਾਰ ਨੇ ਇਸ ਮਾਮਲੇ ਨੂੰ ਉਦੋਂ ਤੋਂ ਹੀ ਬਹੁਤ ਗੰਭੀਰਤਾ ਨਾਲ ਲਿਆ ਹੈ
1b0a506aa1ddad3bd123e562,audio/93f715787821616a4d99af42.flac,6.839563,ਅਜਿਹੇ ਵਿਚ ਸੀ ਬੀ ਆਈ ਨੂੰ ਮੈਨੂੰ ਸੰਮਨ ਕਰਨ ਦਾ ਕੋਈ ਇਖਤਿਆਰ ਨਹੀਂ ਹੈ
2c3d8f83aec91e9874ee8931,audio/350992f5ced27ea2b16d0005.flac,3.999563,ਇਸ ਤਰ੍ਹਾਂ ਤਾਂ ਸਮਾਜ ਸਾਰਾ ਖ਼ਤਰੇ ਵਿੱਚ ਪੈ ਜਾਵੇਗਾ
707375bb623cb8e182824c2a,audio/b66ece64777939e703ebc9af.flac,3.119562,ਖਾਲਸਾ ਮੇਰੋ ਰੂਪ ਹੈ ਖਾਸ
8412ce61c99061f2f43c83aa,audio/7d0ed950df17aaaeeae810b5.flac,6.679563,ਉਨ੍ਹਾਂ ਕਿਹਾ ਕਿ ਖੇਤੀ ਵਿਭਿੰਨਤਾ ਲਈ ਬਾਗਵਾਨੀ ਇਕ ਅਹਿਮ ਯੋਗਦਾਨ ਪਾ ਸਕਦੀ ਹੈ
05d77315b0f22f7e431feb73,audio/57b40c730bf0296e5bee33e5.flac,6.039562,ਇਸ ਸਮੇਂ ਤਕ ਕੋਈ ਤੱਤ ਖਾਲਸਾ ਜਾਂ ਬੰਦਈ ਖਲਾਸਾ ਨਹੀਂ ਸੀ
9f48bf33bdc810089c73d345,audio/70867dd4a4add2cd3102510d.flac,5.919562,ਦੀਪਿਕਾ ਪਾਦੁਕੋਣ ਤਾਂ ਜਿਹੜੀ ਮਰਜੀ ਡਰੈੱਸ ਪਹਿਨ ਲਏ ਉਹ ਡਰੈੱਸ ਉਸ ਤੇ ਫੱਬਦੀ ਹੈ
d6dfa25622ed83f6769f9369,audio/7a27b3a00c93fbe63411330e.flac,7.959562,ਜਿਥੇ ਹੁਣ ਪੰਜਾਬ ਖੇਤੀਬਾੜੀ ਯੂਨੀਵਰਸਿਟੀ ਹੈ ਉਦੋਂ ਉਥੇ ਉਜਾੜ ਥਾਂ ਪਈ ਹੁੰਦੀ ਸੀ
42c2fdfa97efb340d91e0157,audio/012c7e0a2ce463686f4c9c9b.flac,4.079562,ਅਲਬਰਟਾ ਦੀ ਕਬੱਡੀ ਫੈਡਰੇਸ਼ਨ ਦੇ ਟੂਰਨਾਮੈਂਟ ਵੀ ਹੋਣੇ ਨੇ
c1307719a78237ad34d11d47,audio/e6ffc4c979640613cdb0b9e3.flac,3.319562,ਉਨ੍ਹਾਂ ਵਿੱਚ ਹਰੇ ਤੀਰ ਨੂੰ ਕਲਿੱਕ ਕਰੋ
e6f1690b2a0d944a119763db,audio/6b18e40b1e7c7cb5e47cfe36.flac,2.559563,ਇਸ ਸੂਰਜ ਦੀਆਂ ਕਿਰਨਾਂ ਦੀ
139f8b5fde9c60f12549395f,audio/8920a8aced83085142cba630.flac,7.079562,ਆਂਕੜਿਆਂ ਅਨੁਸਾਰ ਇਹ ਰੁਝਾਨ ਧਾਰਮਿਕ ਪ੍ਰਵਿਰਤੀ ਵਾਲੇ ਲੋਕਾਂ ਵਿਚ ਵੀ ਬਰਾਬਰ ਜਾਰੀ ਹੈ
480a1b07bf401de59e7ffcaf,audio/5311dc59f6eb937b93170660.flac,6.71,ਵੇਲੇ ਦੀ ਪਈ ਡੈਣ ਖਿਡਾਵੇ
80efe82d26ced92dd76c8afc,audio/ff68c006bcce00f90393695a.flac,7.199562,ਓਸਲੋ ਵਿੱਚ ਇਸ ਧਮਾਕੇ ਦਾ ਪ੍ਰਧਾਨ ਮੰਤਰੀ ਦੇ ਦਫ਼ਤਰ ਨੂੰ ਬਹੁਤ ਵੱਡਾ ਨੁਕਸਾਨ ਪਹੁੰਚਿਆ ਹੈ
6338894385173e975b8b92d0,audio/b893ff2165e205c474b7f133.flac,4.639563,ਇਨ੍ਹਾਂ ਨੇ ਆਉਣ ਵਾਲੇ ਦਿਨਾਂ ਵਿਚ ਵੱਡੇ ਹੋ ਕੇ ਸੰਘਣੀ ਸ਼ਾਮ ਬਣਨਾ ਸੀ
cdb292701f5ea6eaa167129f,audio/f989d6ee286829e9ea1c3c84.flac,3.959563,ਪੰਜਾਬ ਦੇ ਗਭਰੂ ਦੁੱਧ ਘਿਓ ਦੇ ਸ਼ੌਕੀਨ ਸਨ
7b0a87d6577b089648f3de97,audio/25f081ba2e757cf5abae8086.flac,9.05,ਵੇਖਣ ਵਾਲਿਆਂ ਮੁਤਾਬਕ ਰੇਲਵੇ ਸਟੇਸ਼ਨ ਨੂੰ ਜ਼ਬਰਦਸਤ ਨੁਕਸਾਨ ਪਹੁੰਚਿਆ ਹੈ
d574ab0ff26c0adca6fb49ed,audio/67aa05315256e86bcc7543ba.flac,4.999562,ਆਪਣੀ ਨੌਕਰੀ ਕਰਕੇ ਉਸ ਨੂੰ ਆਪਣੀ ਪੱਗ ਦਾ ਤਿਆਗ ਕਰਨਾ ਪਿਆ ਹੈ
ccb839bf96bfc0f2d428fd91,audio/741d324f77f8fac552712a78.flac,5.519563,ਇੱਥੇ ਹੀ ਉਸ ਨੇ ਆਪਣੇ ਸੰਗਠਨ ਅਲਕਾਇਦਾ ਦੀ ਸਥਾਪਨਾ ਕੀਤੀ
b96f525b84a54570450c1a45,audio/9d6016c1c44885220479c557.flac,2.879563,ਕਿਸੇ ਕਵਿਤਾ ਦੀਆਂ ਆਖਰੀ ਲਾਈਨਾਂ ਸਨ
cc7214334cfcba0b4cbefde6,audio/ecae2a8f898af65eba372ad8.flac,11.0,ਵੇਖਣਾ ਕਿਤੇ ਕਬੱਡੀ ਪ੍ਰਮੋਟਰਾਂ ਦੀ ਖਹਿਬਾਜ਼ੀ ਦਾ ਡਰੱਗੀ ਖਿਡਾਰੀ ਨਾ ਲਾਹਾ ਲੈ ਜਾਣ
cf45cb65244bc6408d42710e,audio/cc7453ac1e9e9833602436d4.flac,5.839563,ਇੰਜ ਛੱਤਵਾਲ ਦੇ ਖਿਲਾਫ ਹੁਣ ਭਾਰਤ ਵਿੱਚ ਕੋਈ ਵੀ ਦੋਸ਼ ਨਹੀਂ ਹੈ
8830ae9e546297f8403c246b,audio/b057dfde1ff38ee966fce1f8.flac,2.759562,ਇਨ੍ਹਾਂ ਸਵਾਲਾਂ ਦੇ ਕੋਈ ਜਵਾਬ ਨਹੀਂ ਹਨ
e0a08e5ead968b023388a634,audio/8fb5ad92b5b943d37584f40d.flac,5.039562,ਜਿਸ ਤੋਂ ਇਹ ਤੈਅ ਹੋ ਗਿਆ ਕਿ ਅਮਰੀਕਾ ਵਿਰੋਧੀਆਂ ਨੂੰ ਉਤਸ਼ਾਹ ਮਿਲੇਗਾ
a2195d77bea5c482621c58ac,audio/d56d138ee84a227261c29b1f.flac,2.559563,ਜਜ਼ਬਿਆਂ ਦਾ ਰੰਗਲਾ ਉਸ਼ਾਲ ਹੈ
92ea18361383d98db5a2b6d2,audio/79113fe6d51b787f48051bf4.flac,6.319562,ਖ਼ਬਰ ਦੀਆਂ ਆਖ਼ਰੀ ਸਤਰਾਂ ਲਿਖੇ ਜਾਣ ਤੱਕ ਉਹ ਕੌਮਾਂ ਚ ਸੀ
f9272cdc3db4a977818117a9,audio/32c2dfc4344d1299d701cf60.flac,5.239562,ਹਰ ਵਰ੍ਹੇ ਇਥੇ ਪੂਰੇ ਅਸਟਰੇਲੀਆ ਜਿੰਨੀ ਆਬਾਦੀ ਵਧ ਜਾਂਦੀ ਹੈ
bf44d8c9cea5c432d2cd6472,audio/01fbd436dc308744458f98e8.flac,5.239562,ਹਾਲ ਹੀ ਵਿੱਚ ਯੂਟਿਊਬ ਤੇ ਕਾਬਲੇ ਗੌਰ ਖ਼ਬਰਾਂ ਲੱਗੀਆਂ ਹਨ
345900afc171b14579153542,audio/639abc0a390422d27ae5ea1a.flac,4.359563,ਦੂਜੇ ਵਿਸ਼ਵ ਕੱਪ ਚ ਕਬੱਡੀ ਹੋਈ ਦੋ ਕਰੋੜ ਦੀ
fab7573196c566a2e0effce3,audio/a85d19b47fcef0cc957b59f8.flac,4.279562,ਗਰੀਬਾਂ ਬਾਰੇ ਯੋਜਨਾ ਕਮਿਸ਼ਨ ਦੀ ਰਿਪੋਰਟ ਠੀਕ ਨਹੀਂ ਹੈ
ef0c1092dddeaee6b09c23d7,audio/a10aacde07b9bbefb8e3ca0b.flac,7.159562,ਟੂਰਨਾਮੈਂਟ ਦੀ ਇਸ਼ਤਿਹਾਰਬਾਜ਼ੀ ਜਾਂ ਵੇਖ ਵਿਖਾਵੇ ਉਤੇ ਉਹ ਬਹੁਤਾ ਖਰਚਾ ਨਹੀਂ ਕਰਦੇ
4215c69e0a8b6d8eadc8bdf0,audio/6ae54480dc89a1828b250041.flac,3.679562,ਖਿਡਾਰੀ ਦਾ ਮਨ ਨੀਵਾਂ ਹੋਣਾ ਚਾਹੀਦੈ
fe00f4ff48a3194696eb0e31,audio/899366e279b47cb1838fc6c7.flac,3.799562,ਆਪਣੇ ਰਿਸ਼ਤਿਆਂ ਨੂੰ ਬਣਾਉਣ ਲਈ ਨਵੇਂ ਹੱਲ ਲੱਭਣ ਲਈ ਤਿਆਰ ਰਹੋ
23ca9d5655184a1f1485da7b,audio/8821e3bd3a1c63818e860551.flac,4.199562,ਇਨ੍ਹਾਂ ਕੀਆਂ ਦੇ ਹੇਠਾਂ ਹੋਰ ਚਾਰ ਕੀਆਂ ਹਨ
1541326e7b3d85f418885492,audio/51f0b74d03a8d9055a84905c.flac,3.839562,ਦਾਲ ਫੁਲਕਾ ਖਾਣ ਵਾਲਾ ਤੇ ਪ੍ਰਭੂ ਦੇ ਗੁਣ ਗਾਉਣ ਵਾਲਾ ਬੰਦਾ
4ae95dc6319ea55d4ae9713d,audio/d4d6a6f7881a2924cc6c53fa.flac,4.719563,ਇਸ ਮੌਕੇ ਤੇ ਪਤਵੰਤੇ ਸੱਜਣਾਂ ਨੇ ਸ਼ਿਰਕਤ ਕੀਤੀ
20223afe658962fdb598161b,audio/611dfaa098c20215b60a71e6.flac,4.119562,ਉਂਝ ਤਾਂ ਮੈਂ ਜ਼ਿੰਦਗੀ ਚ ਬਹੁਤ ਕੁਝ ਪ੍ਰਾਪਤ ਕੀਤਾ ਹੈ
caaf03b50d734c90a4583da6,audio/bc2f6208228eda947fabd062.flac,4.599563,ਸਭ ਮਾਨਸ ਨੇ ਹੈ ਤੁਰ ਜਾਣਾ ਜੋ ਧਰਤੀ ਤੇ ਆਇਆ
9f96e3d66e6c2c9ea64cdf02,audio/4ea27d1c15d5feea3cfca04a.flac,5.999562,ਕਾਮ ਦਾ ਅਰਥ ਇਨਾ ਹੀ ਹੈ ਕਿ ਜੋ ਹੈ ਉਨਾ ਕਾਫ਼ੀ ਨਹੀਂ
fb724812fe9bb2600dae7376,audio/13ca6842f5c5c3a9eda341a0.flac,7.359563,ਉਥੇ ਜਸਪ੍ਰੀਤ ਸਿੰਘ ਬਾਰ ਐਟ ਲਾਅ ਤੇ ਨਿਊਯਾਰਕ ਦੇ ਹੋਰ ਕਈ ਮੌਤ ਬਾਰ ਸੱਜਣ ਪਧਾਰੇ
08327127aad2d97177ba3b23,audio/d21cb9572b74392386ea200c.flac,4.239562,ਐਨਕ ਦੀ ਉਨ੍ਹਾਂ ਨੂੰ ਅਜੇ ਤੱਕ ਲੋੜ ਨਹੀਂ ਪਈ
b7e7d112a7685e75473e53d8,audio/64243e529109ed215a246375.flac,3.879563,ਸੂਬੇਦਾਰਨੀ ਵੀ ਅੱਤ ਦੀ ਉਦਾਸ ਸੀ
f70106fe792e97886a39c22a,audio/421f5f5baf035b06a09b2dfa.flac,3.599563,ਜਮਾਂਦਰੂ ਤੌਰ ਤੇ ਉਹ ਬਹੁਤ ਕਮਜ਼ੋਰ ਬੱਚਾ ਸੀ
c7dd930e7585e4be1c9d0488,audio/3bcad9383384fb90c82407d3.flac,3.479563,ਸਾਰੇ ਬੱਚੇ ਟੀਵੀ ਦੇਖਣਾ ਪਸੰਦ ਕਰਦੇ ਹਨ
05f450a43a4a34dbd9fe3925,audio/b4d814c49f4f4da85e858dbc.flac,7.559563,ਤੀਰਥ ਗਾਖਲ ਨੇ ਸੋਹਣੇ ਜੱਫੇ ਲਾਏ ਪਰ ਕਿੰਦਾ ਬਿਹਾਰੀਪੁਰੀਆ ਕਿਸੇ ਦੇ ਹੱਥ ਨਾ ਆਇਆ
7223e802c9e1f194cfc7325e,audio/b4bec7f1629f47bfd23bd92b.flac,9.119563,ਜਿੱਦਣ ਭੋਗ ਪਿਆ ਤਾਂ ਮੇਰੇ ਸਣੇ ਚਾਰ ਪੰਜ ਜਾਣਿਆਂ ਨੇ ਬਣਦੀ ਸਰਦੀ ਸਰਧਾਂਜਲੀ ਦਿੱਤੀ
027c11ad6b378ef2478e5e3d,audio/b5b0d9615248a2860abdc650.flac,6.639563,ਸਾਮ ਨੂੰ ਤਾਂ ਕਾਲੀ ਹੀਰ ਹਾਲੇ ਮਿਲੀ ਨੀ ਵੋਟਾਂ ਕਾਹਦੀਆਂ ਝੀਰੂ ਅਮਲੀ ਬੋਲਿਆ
2ab99ff410f1ce52d78d06b5,audio/ad465ddf668f0aad9c919d72.flac,5.599563,ਨਾਨਕ ਤਿਸ ਜਨ ਕਉ ਸਦਾ ਨਮਸਕਾਰ
0c1eafc5031b0a9cdc58140c,audio/dedf03020ecab126deda6af9.flac,4.879562,ਸਾਦਾ ਜਿਹੀ ਇਮਾਰਤ ਸੀ ਤੇ ਡੰਗਸਾਰੂ ਹੋਸਟਲ ਸੀ
2f8dae19c3bad21a733bab9b,audio/b27a2c7ebf1284eecc4000d2.flac,5.399563,ਪਤਨੀ ਉਨ੍ਹਾਂ ਲਈ ਵਰਤਣ ਵਾਲੀ ਸ਼ਹਿਰ ਤੋਂ ਵੱਧ ਕੇ ਹੋਰ ਕੁਝ ਨਹੀਂ ਸੀ
1b555c69377c082aed5aff16,audio/e91a4d7fded44899ff5ba86a.flac,5.039562,ਚੰਦ ਸੂਰਜ ਸਭ ਸੁੱਖ ਵੇਲੇ ਦੋਸਤ ਦੁੱਖਾਂ ਵੇਲੇ ਛਿਪ ਜਾਂਦੇ
26557721d2248f15a3b7b78d,audio/06ef0dc26708c5e6739b6cfc.flac,6.8235,ਵੈਸੇ ਇਹ ਤਿੰਨੋ ਹੀ ਚੀਜ਼ਾਂ ਸਮੇਂ ਨਾਲ਼ ਹਰ ਇਨਸਾਨ ਚ ਬਦਲਦੀਆਂ ਰਹਿੰਦੀਆਂ ਹਨ
4d007dda1bedb7103fea0974,audio/69b4b0f2405d6afc4c0a179d.flac,6.039562,ਨਾਲੇ ਛਿੜਕੇ ਸਾਇਕਲ ਦੇ ਮਾਲਕ ਕੋਲ਼ ਕੋਈ ਕੁੜੀ ਨਹੀਂ ਫਸਦੀ
8f62d1901d83b16d790485e1,audio/458a30c1195f92f9925e0572.flac,6.159562,ਗਿੱਧੇ ਭੰਗੜੇ ਪੈਂਦੇ ਹਨ ਤੇ ਨਹੰਗਾਂ ਦੀ ਨੇਜ਼ਾਬਾਜ਼ੀ ਨਜ਼ਾਰੇ ਬੰਨ ਦਿੰਦੀ ਹੈ
6e64965f19877f44ec62660f,audio/80b718852ff6faa52b1e54df.flac,6.039562,ਅਮਰ ਸਿੰਘ ਨੂੰ ਅੱਗੇ ਕਰਕੇ ਸਿਵਲ ਸੋਸਾਇਟੀ ਨੂੰ ਨਿਪਟਾਉਣ ਦੀ ਮੁਹਿੰਮ ਚੱਲੀ
a89f5686842039efb4ca6e1c,audio/4a202bc70da0e8fdf242e155.flac,8.84,ਵੇਖਣਾ ਘੁਗੀਆਂ ਦਾ ਦਲ ਹੀ ਬਸਤੀਆਂ ਖ਼ਾਤਰ ਲੜੇਗਾ
a20d28eb24c958fba4b02b61,audio/d963c9c126bd49177248890b.flac,5.719563,ਸੋਨੀਆ ਨੇ ਕਿਹਾ ਮੈਂ ਲੋਕਪਾਲ ਅਤੇ ਮਹਿਲਾ ਰੀਜ਼ਰਵੇਸ਼ਨ ਮੁੱਦੇ ਤੇ ਲੜੂੰਗੀ
b9ce060109bd9a4ae4662b1b,audio/0d2f9f42fd41b73e9a7169d6.flac,3.639562,ਚੁੱਕੀ ਰੱਖਿਆ ਆਪਣੇ ਮੋਢਿਆਂ ਤੇ
e5b65c37a095fd3039aa2694,audio/449d017952274426bdef4fbe.flac,11.03,ਵੈਸਾਖੀ ਤੋਂ ਕੁਝ ਦਿਨ ਪਹਿਲਾਂ ਹੀ ਸੰਗਤ ਅਨੰਦਪੁਰ ਸਾਹਿਬ ਪਹੁੰਚਣ ਲੱਗੀ
9a08dbd4b3e76922bf06e5ac,audio/4bc39e56ef6cb885967b7fb8.flac,2.559563,ਗੀ ਬਾਈ ਪਿਆ ਸਭ ਨੂੰ ਸਮਝਾਉਂਦਾ
6b60b5d79ce59de1e82e1674,audio/720837cbaf26fa98c1164191.flac,7.039562,ਇਸ ਉਪਰ ਸਾਨ ਮਿਜ਼ਾਇਲ ਜਿਸ ਦੀ ਉਡਾਣ ਰੇਂਜ ਕਿਲੋਮੀਟਰ ਤੱਕ ਹੈ ਰਿਵਾਇਤੀ
b42b7dc9f198e2fe1ac9b2a8,audio/6fe6c8ea8dfde1962393686e.flac,5.199562,ਹੁਣ ਜਿਨ੍ਹਾਂ ਲੋਕਾਂ ਦਾ ਨੁਕਸਾਨ ਹੋਇਆ ਹੈ ਉਸਦਾ ਜ਼ਿੰਮੇਵਾਰ ਕੌਣ ਹੈ
be56f8027ce5a796a1af6f81,audio/77fe7ce2357fbbba75ac25bd.flac,5.479563,ਅਸਲ ਵਿੱਚ ਸੁਣਾ ਤਾਂ ਮੇਰਾ ਪਿਤਾ ਮੇਰੀ ਮਾਂ ਨੂੰ ਹੀ ਰਿਹਾ ਹੁੰਦਾ
3ff80032aefd7bee630da381,audio/4dbb5f6ac051bcbd5d7a7030.flac,3.359563,ਕਿੱਥੇ ਇਨ੍ਹਾਂ ਦਾ ਖੋਜ ਖੁਰਾ ਹੈ
a18da7e75b9ea5ae01429b8d,audio/1aa2134c8a03533b9fc6e2f3.flac,2.999563,ਹੁਸਨ ਦੇ ਡਾਕੂ ਦਿਲ ਦੀ
4aacaa1c9ce3b38d5f1a5df4,audio/815eb403f70e5ea5af4ba971.flac,5.599563,ਜਿੰਨਾਂ ਉਸ ਦੇ ਨੇੜੇ ਹੋਈਏ ਦੂਰਦੂਰ ਨੂੰ ਜਾਏ ਜੱਸੀ
e9637c342e0da6d8505fd7e8,audio/709eb483b8095dfe1ca89c8c.flac,6.839563,ਉਨ੍ਹਾਂ ਨੇ ਤੁਰੰਤ ਪ੍ਰਭਾਵ ਨਾਲ ਥਾਣੇ ਚ ਮਾਮਲਾ ਦਰਜ ਕਰਾਉਣ ਦੇ ਹੁਕਮ ਦਿੱਤੇ
3e30b637631176295547ee13,audio/a2e8506ce1d2ad314c074f92.flac,3.439563,ਇਹ ਸ਼ੌਕ ਵਿਕਾਸ ਕਰਦਾ ਗਿਆ
e0733794c8aa503facf7d8cf,audio/24bf9385d9539b7b09c8b638.flac,5.359563,ਸਾਡਾ ਇਕ ਮੈਸੇਂਜਰ ਰਾਮ ਸੁਮੇਰ ਵੀ ਸਾਡੇ ਨਾਲ ਚੱਲਣ ਲਈ ਤਿਆਰ ਹੋ ਗਿਆ
75f50b6a233e61bdeb3cd3f2,audio/fa233f28941d996a56e32fc0.flac,5.439563,ਇਹ ਵਿਅਕਤੀ ਤਕਸਰੀ ਲਈ ਇਹ ਕੋਖ ਲਿਜਾ ਰਿਹਾ ਸੀ
2a49d301771cad82f3a7da59,audio/d0b41d6794d8bc9eaac6f561.flac,3.039563,ਕਲੱਬਾਂ ਦੇ ਬੈਨਰ ਲੱਗੇ ਹੋਏ ਸਨ
983b43618f72e092c11300e0,audio/8471bbc532515f97f8de06f6.flac,7.239562,ਜਦੋਂ ਵਿਦਵਾਨ ਪੇਪਰ ਪੜ੍ਹਦੇ ਤਾਂ ਇਨ੍ਹਾਂ ਕਹਾਣੀਆਂ ਦੇ ਪਾਤਰਾਂ ਦੀ ਗੱਲ ਵੀ ਹੁੰਦੀ
d34f8af5ef2ab3444e71f01a,audio/5443b525be2ed84de705eafc.flac,7.02,ਵੇਲੇ ਸਿਰ ਪੈਨਸ਼ਨ ਮਿਲੇ ਇਹੋ ਤੁਹਾਡੀ ਕੋਸ਼ਿਸ਼ ਹੋਣੀ ਚਾਹੀਦੀ ਹੈ
