id,prediction
4cbde45743f8bd7e1b57f67e,ਇਸ ਨਾਲ ਅਮੀਰ ਵਰਗ ਨੂੰ ਕੋਈ ਫਰਕ ਨਹੀਂ ਪੈਣ ਵਾਲਾ ਪਰ ਗਰੀਬ ਕੁਚਲਿਆ ਜਾਵੇਗਾ
513802c070917ced0b27c8d2,ਤਾਜ਼ਾ ਫਲ ਸਬਜ਼ੀਆਂ ਸਾਬਤ ਅਨਾਜ ਅਤੇ ਹੋਰ ਅਹਾਰ ਸ਼ਾਮਲ ਕਰੋ
e19a9df149c9d20fa343f693,ਕਦੇ ਮੈਂ ਕਹਿੰਦਾ ਮੈਨੂੰ ਵੱਖਰਾ ਕਮਰਾ ਚਾਹੀਦੈ
3f014f64831b1aeb97857dc0,ਇਹ ਤੁਹਾਡੀ ਕਾਰ ਵਾਂਗ ਹੀ ਹੈ
e057311b92574054512e4ccc,ਜਿੰਨੀ ਜ਼ਿਆਦਾ ਸਾਂਝ ਵਾਲੀ ਦੁਨੀਆਂਦਾਰੀ ਉਨੀਆਂ ਜ਼ਿਆਦਾ ਉਲਝਣਾ ਆ ਖੜਦੀਆਂ ਹਨ
92eb7738475c24c599f102c2,ਇਹ ਕਾਵਰੂਪ ਸਨਾਤਨੀ ਨਿਜ਼ਮਾਂ ਦੀ ਪਾਲਣਾ ਕਰਦੇ ਹਨ
c18ab62a1b517c458c99172d,ਤਿੰਨ ਖਿਡਾਰੀਆਂ ਦੇ ਨਾਂ ਬਲਬੀਰ ਸਿੰਘ ਸਨ
dba682ff8d1a440ae83e545e,ਸਾਨੂੰ ਦੋ ਬੁਰਾਈਆਂ ਚੋਂ ਇਕ ਦੀ ਚੋਣ ਕਰਨੀ ਪਵੇਗੀ
5b0ca1a2c6a5877c5dacac6c,ਸਾਦੀ ਤੇ ਸਰਲ ਜਿੰਦਗੀ ਹੀ ਤੰਦਰੁਸਤੀ ਦੀ ਕੁੰਜੀ ਹੈ
65863b0e53477a8f7c6b8c82,ਇਸੇ ਨੂੰ ਤਾਂ ਕਹਿੰਦੇ ਨੇ ਅਕਾਲੀ ਰਾਜਨੀਤੀ
3c6a930a7af6df82c8022138,ਵੇਰੀਏਟ ਐਂਜਾਇਨਾ ਕਾਫੀ ਦੁਰਲੱਭ ਹੈ
2c08adb076a955b793a49e44,ਖੇਡਾਂ ਮਨੁੱਖ ਦੇ ਕੰਮ ਕਾਜ ਤੇ ਜਿਉਣ ਲਈ ਕੀਤੇ ਉਪਰਾਲਿਆਂ ਦੀਆਂ ਹੀ ਨਕਲਾਂ ਹਨ
915251bf2f0aaed1f89fc701,ਡਾਕਟਰਾਂ ਦੀ ਸਲਾਹ ਲੈਣ ਤੋਂ ਨਾ ਝਿਜਕੋ
9f7e8d28cb1112a9289ec9f7,ਗੁਰੂ ਸਹਿਬਾਨ ਨੇ ਆਪਣੀ ਵਿਚਾਰਧਾਰਾ ਨਾਲ ਮਨੁੱਖਾ ਸੋਚ ਨੂੰ ਬਦਲ ਕੇ ਰੱਖ ਦਿੱਤਾ
bf591210312deb0580967f92,ਸੀਸੋ ਤੇ ਲਖਬੀਰ ਗ੍ਰੈਜੂਏਟ ਤਾਂ ਨਹੀਂ ਸਨ ਪਰ ਇੰਡੀਆ ਦੀ ਦਸਵੀਂ ਪਾਸ ਸਨ
fc8bdfe5f2cc5da17b2a5168,ਅਹਿਸਾਸ ਦੀ ਪੀੜ ਗਜ਼ਲ ਸੰਗ੍ਰਹਿ ਵਿਚ ਵਧੇਰੇ ਗਜ਼ਲਾਂ ਨਿੱਜੀ ਸਮੱਸਿਆਵਾਂ ਬਾਰੇ ਹੀ ਹਨ
53d4bce9889814a8185321f9,ਜੋ ਉਸ ਨੂੰ ਵਿਜ਼ਟਰ ਵੀਜ਼ਾ ਹੋਣ ਕਰਕੇ ਕਾਨੂੰਨਨ ਹਾਸਲ ਨਹੀਂ ਹੋ ਸਕਦੇ
4a354cb8a02c45f1e7c69bf1,ਉਦੋਂ ਬਤਾਲੀ ਤਰਤਾਲੀ ਸਾਲਾਂ ਦੀ ਉਮਰ ਸੀ ਮੇਰੀ
9aeda809c20494bccc34dc43,ਧਰਮ ਵਿਚ ਪਤਾ ਵੀ ਨਹੀਂ ਲੱਗਦਾ
42ecc64a9a2f6406ebe41ced,ਜਰਮਨੀ ਦੇ ਚਾਂਸਲਰ ਐਂਜਲਾ ਮਾਰਕਲ ਨੂੰ ਖਤਰਿਆਂ ਨੂੰ ਸਮਝਣ ਦੇ ਅਸਮਰੱਥ ਕਿਹਾ ਗਿਆ ਹੈ
93b74eb50be55897c00751d3,ਡਾਕਟਰ ਨੇ ਸਾਡੀ ਪੜ੍ਹਨ ਰੁਚੀ ਨੂੰ ਵਧਾਇਆ ਫੁੱਲਾਰਿਆ ਅਤੇ ਸ਼ਾਬਾਸ਼ ਦਿੱਤੀ
5eb9f7e29b3f93e3f686cfbf,ਜਿਸ ਦਿਨ ਬੁਲਾਉਣਾ ਨੂਰ ਸਾਹਿਬ ਹਾਜ਼ਰ ਹੋ ਜਾਂਦੇ
ecfb28a0be2742109217a253,ਅੰਗ ਬਦਲੀ ਦੇ ਗਿਆਨ ਨੇ ਕੰਮ ਬੜਾ ਸੌਖਾ ਕਰ ਦਿੱਤਾ ਹੈ
6be5246e5ea24670f14c1530,ਕੁਝ ਸਾਲ ਪਹਿਲਾਂ ਅਸੀਂ ਪੰਜਾਬ ਗਏ
8a66461c859856bb49977bab,ਹੇਮਾ ਮਾਲਨੀ ਦਾ ਪੂਰਾ ਨਾਮ ਹੇਮਾ ਮਾਲਨੀ ਆਰ ਚੱਕਰਵਰਤੀ ਸੀ
1b350e45a6eed5d4e672ee19,ਸੰਸਾਰਿਕ ਜੀਵਨ ਫਿਰ ਤੁਰ ਪਿਆ ਸੀ
31428da9c7179e15f9d8fbea,ਇਹ ਭੇਟਾਂ ਵੈਸਾਖੀ ਤੱਕ ਹੈ
48a5f44ba1bd3130a77a9828,ਜਿਵੇਂ ਡਾਕਟਰ ਇੰਜੀਨੀਅਰ ਜਾਂ ਵਕੀਲ
445e61a23d33dcb155586330,ਦੇਸ਼ ਦੀਆਂ ਘੱਟ ਗਿਣਤੀਆਂ ਨੂੰ ਵਧੇਰੇ ਭਰੋਸੇ ਵਿੱਚ ਲੈਣ ਨਾਲ ਦੇਸ਼ ਹੋਰ ਮਜ਼ਬੂਤ ਹੋਵੇਗਾ
3282e54eb14d946aa06b4ddc,ਕੀ ਤੁਹਾਡੀ ਉਮਰ ਵਿਆਹ ਯੋਗ ਹੋ ਚੁੱਕੀ ਹੈ ਹਾਂ ਨਹੀਂ
4fc5e0d2b0f5dbb0f2954774,ਖੁਸ਼ੀ ਦੇ ਮਾਰੇ ਮੈਂ ਕਾਫੀ ਦੇਰ ਤੱਕ ਉਨ੍ਹਾਂ ਦਾ ਹੱਥ ਫੜੀ ਰੱਖਿਆ
2dfcb19de8a10ca7b4ee1640,ਦੇਸ਼ ਦੀਆਂ ਹਾਈਕੋਟਾਂ ਚ ਲੰਬਿਤ ਕੇਸਾਂ ਦੀ ਗਿਣਤੀ ਲੱਖ ਹਜ਼ਾਰ ਹੈ
614f5d75dea7db4ac15e6193,ਕਦੇ ਕਦੇ ਲੱਗਦਾ ਹੈ ਕਿ ਹੱਟ ਚੱਲੀ ਹੈ ਪਰ ਹਫ਼ਤੇ ਬਾਅਦ ਫਿਰ ਉਹੀ ਹਾਲ
49bcbddc7fcc1dd3aa94f7ad,ਇਹ ਖਾਂਸੀ ਬਲਗਮ ਵਾਲੀ ਹੁੰਦੀ ਹੈ
89890d93109ce4ad7bf7affc,ਇਨ੍ਹਾਂ ਦੌਰਿਆਂ ਦਾ ਕਿਸੇ ਨੂੰ ਕੋਈ ਇੰਤਜ਼ਾਰ ਨਹੀਂ ਸੀ ਹੁੰਦਾ
75ab289dea73d52fe03b93de,ਸ਼੍ਰੋਮਣੀ ਗੁਰਦੁਆਰਾ ਪ੍ਰਬੰਧਕ ਕਮੇਟੀ ਦਾ ਗਠਨ ਬਾਕਾਇਦਾ ਐਕਟ ਅਨੁਸਾਰ ਕੀਤਾ ਗਿਆ ਹੈ
71d10e4c807200f3632724e0,ਤੈਨੂੰ ਆਪਣੇ ਬਾਪ ਦੀ ਸ਼ਕਲ ਤਾਂ ਯਾਦ ਹੋਵੇਗੀ
98b556441883a3f2a8c760ca,ਤੁਰਨਾ ਪਿਆ ਸੀ ਖੂਨੀ ਅੰਗਿਆਰ ਉਤੇ
b126c1ae5fe4c50c02ec3f65,ਦੂਜਾ ਵੱਡਾ ਮੁੱਦਾ ਰੁਜ਼ਗਾਰ ਏਜੰਸੀਆਂ ਦੀ ਲੁੱਟਕ ਸੁੱਟਦਾ ਹੈ
f82d9f4559db03b47b336458,ਅਜੀਤ ਸਿੰਘ ਪੂਹਲਾ ਨਾਲ ਕੋਈ ਪੁਰਾਣੀ ਗੱਲਬਾਤ ਦੇ ਕੁਝ ਅੰਚ
249e6c1a4845b7f3956e829c,ਉਨ੍ਹਾਂ ਮੁਤਾਬਕ ਸਾਡੇ ਚੋਂ ਕੋਈ ਵੀ ਗੰਭੀਰ ਲੇਖਕ ਨਹੀਂ ਹੈ
7c7f06d4afbef998c0c0d3b5,ਦਫ਼ਤਰ ਤੱਕ ਪਹੁੰਚਣ ਵਾਲੀ ਸੜਕ ਤੇ ਸੁਰੱਖਿਆ ਜੰਤਰ ਲਗਾਏ ਹੋਏ ਹਨ
fb28ab4db4b82100542053b2,ਹੁਣ ਸਿਸਟਮ ਚੇਂਜ ਕਰਨਾ ਪਵੇਗਾ ਅਤੇ ਦੂਜਾ ਸਿਸਟਮ ਬਣਾਉਣਾ ਪਵੇਗਾ
7d61dd3351320e745b3f389d,ਸਲਮੋਨ ਹੇਰਿੰਗ ਅਤੇ ਸਾਡਿਨ ਉੱਤਮ ਸਰੋਤ ਹਨ ਮੋਟਾਪੇ ਦੇ ਐਸਿਡ ਘਟਾਉਣ ਲਈ
5693394f83df4751460593f3,ਜਿਵੇਂ ਕਿ ਆਨਲਾਈਨ ਫਾਰਮ ਮਿਲ ਜਾਂਦੇ ਹਨ
6fc60f10aad4d768b6dd6a6a,ਸ੍ਰੀ ਕੇ ਪੀ ਐਸ ਗਿੱਲ ਆਈ ਜੀ ਸੀ ਆਰ ਪੀ ਸਨ
efbd35595774ff795c3cf534,ਸ਼ਹਿਰ ਪਤਾ ਨਹੀਂ ਅਗਲਾ ਕਿਹੜੀ ਮਜ਼ਬੂਰੀ ਨੂੰ ਰਹਿੰਦਾ
04d166dde05abf92e53f128e,ਇਸ ਬਿੱਲ ਨੂੰ ਸਰਬਸੰਮਤੀ ਨਾਲ ਦੋਹਾਂ ਹਾਊਸਾਂ ਵੱਲੋਂ ਪਾਸ ਕੀਤਾ ਗਿਆ ਸੀ
58515cfb9edfd685624007ea,ਅੱਗੇ ਉਸ ਵੇਲੇ ਪਹਿਰੇ ਤੇ ਖੜੋਤੇ ਬੰਦੇ ਨਾਲ ਸੰਪਰਕ ਸਾਧਣਾ ਜ਼ਰੂਰੀ ਸੀ
ad8d8580fbf41a80ba7d0bff,ਇਕ ਬਾਬਾ ਨਾਨਕ ਸੀ ਬਾਈ ਜੀ ਨੇ ਤੁਰ ਕੇ ਦੁਨੀਆਂ ਗਾਤੀ
1cf3ebbdf3083505d65f3dad,ਇਸ ਤੋਂ ਵੱਧ ਅਫ਼ਸੋਸ ਅਤੇ ਸ਼ਰਮ ਦੀ ਗੱਲ ਹੋਰ ਕੀ ਹੋ ਸਕਦੀ ਹੈ
db37fa38cdc2548567f5911f,ਨੌ ਦਸ ਮੁਲਕਾਂ ਦੀਆਂ ਟੀਮਾਂ ਪਹਿਲਾਂ ਹੀ ਬਣੀਆਂ ਹੋਈਆਂ ਹਨ
40fec011deec055119cb9412,ਇਹ ਤਿਉਹਾਰ ਮੁਟਿਆਰਾਂ ਦੇ ਪ੍ਰਸਿੱਧ ਤਿਉਹਾਰ ਤੀਆਂ ਦੇ ਤਿਉਹਾਰ ਵਜੋਂ ਮਨਾਇਆ ਜਾਂਦਾ ਹੈ
67c3e69966bfaea1ef35015b,ਜਿਨ੍ਹਾਂ ਲੋਕਾਂ ਨੇ ਰਿਸ਼ਵਤ ਦਿੱਤੀ ਸੀ ਉਹ ਅੱਜ ਆਰਾਮ ਨਾਲ ਬੈਠੇ ਹਨ
e5a9eca73fd83775fe5962f6,ਅਸੀਂ ਪੰਜਾਬੀ ਲੋਕ ਕਈਆਂ ਤੱਥਾਂ ਤੋਂ ਅਣਜਾਣ ਹੀ ਰਹਿੰਦੇ ਹਾਂ
b05240f645b73e9175725729,ਸੌਣ ਮਹੀਨੇ ਦੀ ਆਮਦ ਤੇ ਭਾਵੇਂ ਸਾਰੇ ਭਾਰਤ ਵਿਚ ਖੁਸ਼ੀ ਮਨਾਈ ਜਾਂਦੀ ਹੈ ਪਰ
fd7aa172450f21681228d986,ਵੈਸਾਖੀ ਦੇ ਸੰਦੇਸ਼ ਨੂੰ ਕਰਮਕਾਣਾਂ ਦੇ ਚਿੱਕੜ ਵਿਚ ਰੋਲਿਆ ਜਾ ਰਿਹਾ ਹੈ
669d0778f56fb471de93832a,ਅਸੀਂ ਸੁਸਾਇਟੀਆਂ ਦੇ ਸਮੂਹ ਮੈਂਬਰਾਂ ਨੂੰ ਇਨ੍ਹਾਂ ਬਾਰੇ ਜਾਣਕਾਰੀ ਦੇਣੀ ਸ਼ੁਰੂ ਕਰ ਦਿੱਤੀ
357d52fd0aababd8dfb4da34,ਪਰ ਉਹ ਮਦਦ ਹਥਿਆਰਾਂ ਲਈ ਹੀ ਹੁੰਦੀ ਸੀ
5f4b3b399dc8b56b5f645f34,ਇਸ ਕਿਸਮ ਦਾ ਜਨੇਊ ਨਾ ਟੁੱਟਦਾ ਹੈ ਅਤੇ ਨਾ ਹੀ ਗੁਆਚਦਾ ਹੈ
d957d82ed6ff4d487b13f15d,ਸਿਆਲ ਚ ਜੰਮਿਆ ਹੋਇਆ ਘਿਓ ਲੱਗਦਾ ਵੀ ਬਹੁਤ ਸੁਆਦ ਸੀ
673019b25d5e70abd6e0f373,ਕੁੜੀ ਨਹੀਂ ਮੈਂ ਠੀਕ ਹਾਂ
bbff1347f919bb52657e5245,ਇਨਖਾ ਕੌਂਸਲਰਾਂ ਦੀ ਮੰਗ ਹੈ ਕਿ ਰਾਜਿੰਦਰ ਬੇਤੀ ਨੂੰ ਟਿਕਟ ਦਿੱਤੀ ਜਾਵੇ
53792856e6209c334cf970ce,ਕਹਿੰਦਾ ਮੈਂ ਕੱਲਾ ਸੰਧੂ ਹੀ ਬਹੁਤ ਹਾਂ
c01e9078e4c543e5d962cf51,ਇਸ ਕਾਰਜ ਲਈ ਸਥਾਨਕ ਪੰਜਾਬੀ ਸਾਹਿਤਕਾਰਾਂ ਦੀ ਰਜਾਮੰਦੀ ਬੜੀ ਜ਼ਰੂਰੀ ਸੀ
7cad2d1f491d4f0c4807889a,ਵੇਖ ਲਿਓ ਜਿਨ੍ਹਾਂ ਕੀਤੀ ਹੈ
a19fdfa194ff8f8580152db6,ਹੋਰਾਂ ਤੋਂ ਕੁਝ ਹੋਰ ਕੀ ਕਰਾਉਂਦੇ ਹਨ
36713c06f196544757468858,ਦੂਜਾ ਵੱਡਾ ਕਾਰਨ ਸ਼ਾਇਦ ਪਾਕਿਸਤਾਨ ਵਿਚਲਾ ਮੌਜੂਦਾ ਭ੍ਰਿਸ਼ਟਾਚਾਰ ਵੀ ਹੈ
6c376db97f62661a6d67d758,ਕਹਿੰਦੇ ਹਨ ਕਿ ਜਿਹੜਾ ਰਾਮਪੁਰ ਦਾ ਪਾਣੀ ਪੀ ਲਵੇ ਉਹ ਸ਼ਹਿਰ ਬਣ ਈ ਜਾਂਦਾ ਏ
b8c81059c8c47d66b09e2956,ਧਰਮਾਂ ਕਰਮਾਂ ਤੋਂ ਉਪਰ ਉੱਠ ਕੇ ਜੀਵਨ ਜਿਉਣ ਵਾਲੇ
bc2ceac617f2648c3025fb2a,ਇਨ੍ਹਾਂ ਵੱਡਾ ਭੁਚਾਲ ਧਰਤੀ ਉਪਰ ਵਾਪਰੇ ਤਾਂ ਪਰਲੋ ਲੈ ਕੇ ਆਉਂਦਾ ਹੈ
b40994726da86a8e94e98861,ਖਾਸ ਕਰਕੇ ਅਨਪੜ੍ਹ ਅਤੇ ਗੈਰ ਹੁਨਰੀ ਲੋਕਾਂ ਦੀ
fce2074d5356bc71a892c83b,ਵੇਖਿਆ ਜਾਵੇ ਤਾਂ ਕਬੱਡੀ ਸਸਤੀ ਹੈ ਤੇ ਮਸ਼ਹੂਰੀ ਮਹਿੰਗੀ
f55ae4979306286c3a9b2852,ਉਪ ਕੁਲਪਤੀ ਪੰਜਾਬੀ ਯੂਨੀਵਰਸਿਟੀ ਪਟਿਆਲਾ
f282b9533716c39d53162e6f,ਵੇਟਰ ਨੂੰ ਟਿਪ ਦੇਣ ਤੋਂ ਨਾ ਘਬਰਾਓ
cbae6341517f8c3bd2789900,ਝਟਕਾ ਲੱਗਣ ਸਾਰ ਕਰੂਜ਼ ਦੀ ਬਿਜਲੀ ਗੁੱਲ ਹੋ ਗਈ ਅਤੇ ਸਭ ਪਾਸੇ ਹਨੇਰਾ ਛਾ ਗਿਆ
1eb3c8001ef24e673bf14efb,ਇਨ੍ਹਾਂ ਸ਼ਬਦਾਂ ਦੇ ਖਾਸ ਅਰਥ ਸਨ ਮੈਂ ਇਨ੍ਹਾਂ ਬਾਰੇ ਕੋਖਦਾ ਰਹਿੰਦਾ
0824de6314c0fd8a47b42f46,ਇਸ ਨੂੰ ਖ਼ਤਮ ਕਰਨ ਲਈ ਸਰਗਰਮ ਵੀ ਹਨ
538f3377186a2cc81b8995c0,ਕਲਾਸ ਮਨੀਟਰ ਨੂੰ ਸੰਭਾਲ ਦਿੰਦੀਆਂ ਹਨ
4fa9914fbbc87611f8955ad9,ਵੇਲੇ ਵੇਲੇ ਦੀਆਂ ਗੱਲਾਂ ਹਨ
f97f88e58241dc6ce694605b,ਇਹ ਬੱਚੇ ਮਹੀਨੇ ਤੋਂ ਸਾਲ ਦੀ ਉਮਰ ਦੇ ਹਨ
b3c97532fae5e0d4fa936b4e,ਕਿਸੇ ਕਿਸਮ ਦੀ ਮਾਰ ਕੁਟਾਈ ਬੇਜਤੀ ਅਤੇ ਹਿੰਸਾ ਪਿਆਰ ਦੇ ਨੇਮ ਤੇ ਉਲਟ ਹਨ
ffcb6553b8bf58c63179838d,ਕਸ਼ਮੀਰ ਵਿਚ ਮੁਸਲਮ ਆਬਾਦੀ ਵਧੇਰੇ ਹੈ ਉਹ ਮੰਨੋ ਭਾਰਤ ਨਾਲ ਨਹੀਂ ਹਨ
1131402e21e5c107f7145b74,ਇਹ ਵਾਦ ਸਾਰੇ ਸਰੀਰ ਵਿਚ ਘੁੰਮਦੀ ਰਹਿੰਦੀ ਹੈ
c21514f49eed6493e454ceb8,ਉਦੋਂ ਤੱਕ ਮੈਂ ਪੜ੍ਹ ਕੇ ਮਾਸਟਰ ਲੱਗ ਚੁੱਕਾ ਸਾਂ
b666e74c65632ec2789b48e4,ਜਿਥੇ ਸਮਾਜਿਕ ਸਭਾਵਾਂ ਹੁੰਦੀਆਂ ਹੋਣ ਉਥੇ ਮੈਂ ਘੱਟ ਹੀ ਜਾਂਦਾ ਹਾਂ
16519a93b10030927bcdc272,ਸਮੋਹ ਲੈਂਦਾ ਤੇ ਨੂੰ ਆਪਣੇ ਸਾਹਾਂ ਵਿਚ
7e381ac59cc90613dd243aa7,ਤੁਰਦਾ ਮੈਂ ਕਿਸੇ ਹੋਰ ਥਾਂ ਨੂੰ ਸੀ ਪਰ ਪਹੁੰਚਦਾ ਕਿਸੇ ਹੋਰ ਥਾਂ ਸੀ
312f38ba97c1b3a4aecf8b3a,ਨੇਹਾ ਲਈ ਉਸਦਾ ਪਿਆਰ ਅਤੇ ਦੋਸਤ ਉਸ ਦੇ ਕੰਮ ਤੋਂ ਬਾਅਦ ਆਉਂਦੇ ਹਨ
431454d13f2ca3b25c637842,ਹਾਲਾਂਕਿ ਇਸ ਮਾਮਲੇ ਬਾਬਤ ਅੰਤਿਮ ਫ਼ੈਸਲਾ ਨਾਰਵੇ ਦੀ ਅਦਾਲਤ ਆਗਾਮੀ ਮਾਰਚ ਨੂੰ ਲਵੇਗੀ
868cd8537c2c13826c41474a,ਵੇਖਾ ਵੇਖੀ ਉਹ ਖੇਡ ਦੇ ਗੁਰ ਆਪੇ ਸਿੱਖਦੇ ਗਏ ਤੇ ਚੰਗੇ ਖਿਡਾਰੀ ਬਣਨ ਦੇ ਗਏ
44db1d3b018b7eee72df03cd,ਕਈ ਮੁਸਕਰਾ ਰਹੇ ਸਨ ਕਈ ਉਦਾਸ ਸਨ
0459ba7a753645cccf822682,ਕਰੁਣਾ ਨਿਧੀ ਦੀ ਬੇਟੀ ਕਰੋੜਾਂ ਦੇ ਕੁਟਾਲੇ ਕਾਰਨ ਤਿਹਾੜ ਜੇਲ੍ਹ ਵਿਚ ਹੈ
943517f6499b9676874c1db2,ਜਲਵਾਯੂ ਆਪਣੀ ਪ੍ਰਵਿਰਤੀ ਦੇ ਮੁਤਾਬਿਕ ਠੰਡ ਦਾ ਅਹਿਸਾਸ ਕਰਵਾ ਰਹੀ ਸੀ
c81996e700b564e044349897,ਖਾਸ ਤੌਰ ਤੇ ਉਨ੍ਹਾਂ ਲਈ ਜੋ ਇਸਲਾਮ ਨੂੰ ਨਹੀਂ ਸਮਝਦੇ
568cfa357719f4d9fd394521,ਆਪਣੇ ਗੁਆਂਢ ਵਿਚ ਸਿਰਫ ਚੀਨ ਹੈ ਹੀ ਜਿਸ ਕੋਲ ਆਈਸੀਡੀਐਮ ਹੈ
3834e03795a5801a98a16565,ਵੇਖੋ ਨੀ ਵੇਖੋ ਨੀ ਮੁੰਡਾ ਹੋ ਗਿਆ ਸ਼ੁਦਾਈ ਦਿਲ ਬਟੇ ਦੇਵੇ ਪੈੜਾਂ ਛੱਲੇ ਮੁੜੀਆਂ
3ae39e49e33138572319515d,ਅੱਧੇ ਸਮੇਂ ਤੱਕ ਇਟਲੀ ਦੀ ਟੀਮ ਨਾਲ ਅੱਗੇ ਸੀ
ba61eb5cd34fdab056ecccb3,ਸੀਮਤ ਫੰਡਾਂ ਨਾਲ ਹੀ ਕਾਫੀ ਕੁਝ ਕੀਤਾ ਜਾ ਸਕਦਾ ਹੈ
7450117d40c0cfe984f9bda5,ਅੰਤ ਵਿੱਚ ਓਨਟਾਰੀਓ ਗੁਰਦੁਆਰਾ ਕਮੇਟੀ ਵਲੋਂ ਅੱਠ ਮਤੇ ਪਾਸ ਕੀਤੇ ਗਏ
89239135bf140b9eefa2b85b,ਸਥਾਨਕ ਭਾਈਚਾਰੇ ਤੋਂ ਇਲਾਵਾ ਰਾਜਨੀਤਿਕ ਲੀਡਰਾਂ ਨੇ ਵੀ ਹਾਜ਼ਰੀ ਦਿੱਤੀ
d664b3987c7f3b2a21b0d7a8,ਛਿਤੇ ਬਿਨਾਂ ਜਿਵੇਂ ਮਹਿਫਿਲ ਕੁਝ ਠੰਡੀ ਠੰਡੀ ਲੱਗ ਰਹੀ ਸੀ
1a6c53527c3399813cc85196,ਜਦ ਵੀ ਆਸਰੇ ਲਈ ਤੇਰਾ ਮੋਢਾ ਮੰਗਿਆ
0ba59c2cfd206370ce6238ff,ਹੱਥ ਚ ਫੜੇ ਚਾਹ ਕੱਪ ਦੇ ਨਾਲ ਹੀ ਜਾ ਲੱਗੇ ਪੜ੍ਹਾਉਣ
2ea39b1b0578a2b8ff13f680,ਸਰਕਾਰ ਫੈਸਲੇ ਦਾ ਅਧਿਐਨ ਕਰੇਗੀ ਮੁਖਰਜੀ
cadbfaa8eabcc7827bc129ee,ਗਤਕਾ ਦਲ ਵਾਲੇ ਵੀ ਆਪਣੇ ਜੌਹਰ ਵਿਖਾ ਰਹੇ ਸਨ
8c068a8291a70926d3a3c240,ਸਭ ਤੋਂ ਪਹਿਲਾ ਪੁਰਸ਼ ਆਦਮ ਸੀ ਤੇ ਸਭ ਤੋਂ ਪਹਿਲੀ ਔਰਤ ਈਵ ਸੀ
b5b08d42bb98793990c0a9b1,ਨਿਮਰਤਾ ਉਨ੍ਹਾਂ ਦਾ ਵੀਰੀ ਗੁਣ
dac9b2fb23761b9efb93c525,ਇਹ ਰਸ ਸਾਨੂੰ ਉਸ ਚੀਜ਼ ਨੂੰ ਵਾਰ ਵਾਰ ਦੁਹਰਾਉਣ ਦੀ ਪ੍ਰੇਰਨਾ ਕਰਦਾ ਹੈ
1022f3db1efeeb3b7c0829ca,ਉਨ੍ਹਾਂ ਨੂੰ ਇਲਾਜ ਦੇ ਲਈ ਸਿਵਲ ਹਸਪਤਾਲ ਲੈ ਜਾਇਆ ਗਿਆ
115f9fb9ce6b8dad5de4f9c9,ਆਪੋ ਆਪਣੇ ਵਿਸ਼ੇ ਦੇ ਸ਼ਾਹ ਸਵਾਰ ਬਣ ਕੇ ਸਾਨੂੰ ਨਿਰੰਤਰ ਤੁਰਨਾ ਪਵੇਗਾ
3477b074c792e2034d2ec8e1,ਟਾਇਲਟ ਦੀ ਲਿਡਜ਼ ਵੀ ਹਮੇਸ਼ਾ ਬੰਦ ਕਰਕੇ ਰੱਖੋ
93ce43e1cdbdea7b645cf61e,ਕੁਝ ਕੰਮ ਮਸ਼ੀਨਾਂ ਨੇ ਸੰਭਾਲ ਲਏ ਹਨ ਤੇ ਕੁਝ ਨੌਕਰਾਂ ਚਾਕਰਾਂ ਨੇ
436284793b1a3659a4da8925,ਪੰਜ ਮੰਤਰੀਆਂ ਦੀ ਇਕ ਵਿਸ਼ੇਸ਼ ਕਮੇਟੀ ਦਾ ਗਠਨ ਵੀ ਹੋ ਗਿਆ ਹੈ
23df689e8c0d44344606dd44,ਆਯਾਜੂਦੀਨ ਦਾ ਇਲਾਜ ਹੈਦਰਾਬਾਦ ਦੇ ਹਿਲਸ ਸਥਿਤ ਅਪੋਲੋ ਹਸਪਤਾਲ ਚ ਚੱਲ ਰਿਹਾ ਹੈ
123c861ec3f292ac808241ec,ਕਈ ਔਰਤਾਂ ਇਸ ਨੂੰ ਬਿਨਾਂ ਚੇਨ ਦੇ ਵੀ ਪਹਿਨਦੀਆਂ ਹਨ
c2c3d3f044c9b68d1d19d00c,ਉਹ ਮੌਸਮ ਦੀ ਤਰ੍ਹਾਂ ਬਦਲ ਗਿਆ
36319b15f6e0b899b41b714c,ਉਨ੍ਹਾਂ ਕਿਹਾ ਕਿ ਮਹਿੰਗਾਈ ਘੱਟ ਕਰਨ ਚ ਸਰਕਾਰ ਦੀ ਕਿਤੇ ਹੱਲਮੱਠ ਨਹੀਂ ਰਹੀ
b6b2e839dee43cf59d134f69,ਤੁਸੀਂ ਇਹ ਨਹੀਂ ਕਹਿ ਸਕਦੇ ਕਿ ਉਨ੍ਹਾਂ ਨੂੰ ਆਪਣੇ ਆਪ ਕਰਨਾ ਚਾਹੀਦਾ ਸੀ
fa12327af06264e82589ead6,ਇਸ ਕੈਂਪ ਵਿਚ ਰੋਜ਼ਾਨਾ ਬੱਚਿਆਂ ਨੂੰ ਬਾਣੀ ਦਾ ਪਾਠ ਸਿਖਾਇਆ ਜਾਂਦਾ ਹੈ
b6d57323029ce4275b07af0c,ਜਗਮੋਹਨ ਸੇਖੋਂ ਅਤੇ ਅਫਜ਼ਲ ਸ਼ਾਹਿਰ ਵੱਲੋਂ ਜੇਤੂ ਬੱਚਿਆਂ ਨੂੰ ਟਰਾਫੀਆਂ ਵੀ ਦਿੱਤੀਆਂ ਗਈਆਂ
472e6e21a068af87ebf7c8bc,ਨਾਲੇ ਡਾਕਟਰ ਸਾਹਿਬ ਦੁੱਧ ਤਾਂ ਅੱਜ ਸਵੇਰ ਦਾ ਹੈ ਨੀ
69a92ed20bb32e164a98c76a,ਹੁਣ ਚੋਣ ਨਤੀਜਿਆਂ ਦੀ ਗੱਲ ਕਰੋ
7f1d57e9a20dfa96a6d808ac,ਵੇਲੇ ਕੁ ਵੇਲੇ ਫੋਨ ਕਰੀਏ ਤਾਂ ਕਹਿੰਦਾ ਆ ਜਾ ਦੇਰੀ ਨਾ ਕਰ
ec09a4cb8aa5d25737d967fa,ਗਰਮੀ ਦੇ ਮੌਸਮ ਚ ਮੇਕਅਪ ਦੀ ਸਮੱਗਰੀ ਪਾਊਡਰ ਵਾਲੀ ਹੀ ਲਾਓ
9dc37f718ef10547f6f469ea,ਨਾ ਹੀ ਦਰਵਾਜ਼ਾ ਖੋਲ੍ਹ ਕੇ ਗੱਲ ਕਰਨਾ
90f702b88222bdef0a07ba00,ਇਹ ਬਲੀਦਾਨ ਵਿਹਰਤ ਨਹੀਂ ਗਿਆ ਅਤੇ ਆਦਿਵਾਸੀਆਂ ਦੀ ਜ਼ਮੀਨ ਉਨ੍ਹਾਂ ਦੇ ਕੋਲ ਸੁਰੱਖਿਅਤ ਰਹੀ
3950545f8abb454c86874b70,ਕੁਆਂਜੋ ਏਸ਼ੀਆ ਖੇਡਾਂ ਵਿਚ ਭਾਰਤ ਦੇ ਲਈ ਐਤਵਾਰ ਨੂੰ ਸਭ ਤੋਂ ਵਧੀਆ ਦਿਨ ਰਿਹਾ
d0d1ce6d116b996784f0ea6c,ਟੇਬਲ ਟੈਨਿਸ ਟੀਮ ਨੇ ਵੀ ਭਾਰਤ ਲਈ ਚਾਂਦੀ ਦਾ ਮੈਡਲ ਜਿੱਤਿਆ
b6c7c3a6adafe85a42760e1d,ਜਿਥੇ ਨਾ ਕੋਈ ਫਿਰਕਾ ਤੇ ਨਾ ਕੋਈ ਮਜ਼ਹਬੀ ਫਸਾਦ
673f54e3f1645edd033f01ca,ਅਤੇ ਵਾਅਦਾ ਕਰਦੇ ਹਾਂ ਕਿ ਆਖਰੀ ਦਮ ਤੱਕ ਕਰਦੇ ਰਹਾਂਗੇ
0383ba1ff4c0c40b186194c8,ਅਮੀਨਾ ਆਪਣੀ ਆਦਤ ਅਨੁਸਾਰ ਰੋਂਦੀ ਰੋਂਦੀ ਫਿਰ ਬੇਹੋਸ਼ ਹੋ ਗਈ
3622378b59a1f904b110ec2c,ਇਸੇ ਤਰ੍ਹਾਂ ਪਾਣੀ ਵਰਗੇ ਕੁਦਰਤੀ ਸੋਮੇ ਪੰਜਾਬ ਵਿੱਚੋਂ ਚਲੇ ਗਏ
de0ca98d3c3fe08d1ff4a615,ਤਕੜੇ ਘੜੇ ਵਰਗੇ ਲੋਕ ਵੀ ਸੁਖਨ ਦਾ ਸਰਨਾਮਾ ਹੁੰਦੇ ਨੇ
39ed37a5912ceeb2ff7e30d0,ਦੋਵਾਂ ਦੇ ਪੈਦਾ ਹੋਣ ਵਿਚ ਸਿਰਫ ਮਿੰਟ ਦਾ ਫਰਕ ਸੀ
4ab128bc45cd15eda97feb74,ਵੋਟਾਂ ਦਾ ਸਾਰਾ ਕੰਮ ਇਕ ਹੀ ਪੜਾਅ ਵਿਚ ਸੰਪੂਰਨ ਹੋਣ ਦੀ ਉਮੀਦ ਹੈ
a37d229e1d7085db29282bd2,ਚੰਗੇ ਸਬੰਧਾਂ ਦੀ ਬੁਨਿਆਦ ਹੈ ਅਜਿਹਾ ਪਿਆਰ ਜਿਸ ਵਿੱਚ ਕੋਈ ਭੇਦਭਾਵ ਨਹੀਂ ਹੁੰਦਾ
3438e90225d16a81df2c463a,ਵੇਰੀਕੋਸ ਵੇਨਜ਼ ਦਾ ਸਹੀ ਇਲਾਜ ਕੀ ਹੈ
17daf574d9ca80dd16652a01,ਇਸ ਤੋਂ ਛੁਟਕਾਰੇ ਲਈ ਪੂਰੀ ਤਸਵੀਰ ਤੇ ਨਜ਼ਰ ਮਾਰੋ
5795e2050478fe7ee076e6dd,ਇਸ ਨੂੰ ਤਾਂ ਤੁਹਾਡੇ ਦੁਸ਼ਮਣ ਵੀ ਸਵੀਕਾਰ ਕਰਨਗੇ ਅਸੀਂ ਵੀ ਸਵੀਕਾਰ ਕਰਦੇ ਹਾਂ
9a7dc91f598ababf8cb15b66,ਟੈਲੀਵਿਜ਼ਨ ਅਤੇ ਰੇਡੀਓ ਤੇ ਵੀ ਖ਼ਬਰਾਂ ਆ ਚੁੱਕੀਆਂ ਸਨ
8816e06ba5b518d8bc296534,ਅੱਜ ਕੱਲ੍ਹ ਆ ਰਹੀਆਂ ਖ਼ਬਰਾਂ ਤਾਂ ਇਹੋ ਆਖਦੀਆਂ ਹਨ
7f05ab86225c5b094659edcf,ਵੇਖਣ ਨੂੰ ਤਾਂ ਅਸੀਂ ਪੰਜਾਹ ਹਵਾਈ ਅੱਡੇ ਵੇਖ ਲਏ ਹੋਣਗੇ
47327989d61c30fe04ddcf10,ਪੰਜਾਬ ਦੀਆਂ ਵੱਖ ਵੱਖ ਸਿਆਸੀ ਪਾਰਟੀਆਂ ਕੋਲ ਦਲਿਤਾਂ ਲਈ ਕੋਈ ਆਰਥਿਕ ਏਜੰਡਾ ਨਹੀਂ ਹੈ
dffb67b4b02e377e482c90fe,ਦਰਅਸਲ ਤਬਾਹਕੁਨ ਤਬਾਹੀ ਲਈ ਆਇਨਸਟਾਈਨ ਜਾਂ ਉਸ ਦੇ ਸਿਧਾਂਤ ਨੂੰ ਕਸੂਰਵਾਰ ਨਹੀਂ ਠਹਿਰਾਇਆ ਜਾ ਸਕਦਾ
4da7d0424b665e0cee6a98b2,ਹਾਈਨੇਕ ਵਾਲੇ ਗਲੇ ਤੁਹਾਡੀ ਫਿਗਰ ਨੂੰ ਹੋਰ ਉਭਾਰਨਗੇ
f0e576d8e7aeeac93772e7ad,ਆਮ ਗਰੀਬ ਲੋਕਾਂ ਨੂੰ ਇਹ ਚੀਜ਼ਾਂ ਰੜਕਣ ਲੱਗ ਪਈਆਂ
186c412127b4607b13afd321,ਏਜੰਟ ਵੀ ਵਧੀਆ ਮਿਲ ਗਿਆ ਸੀ
7beaed2b5360628f117ced0b,ਡਾਰਵਿਨ ਬਨਸਪਤੀ ਵਿਗਿਆਨ ਵਾਟਨੀ ਦੇ ਪ੍ਰੋਫੈਸਰ ਜੌਨ ਐਸ ਹੈਸਲੋ ਦਾ ਮਿੱਤਰ ਬਣ ਗਿਆ
5c35276cad370887b6aa6b18,ਕਲਸ਼ ਮੰਦਰਾਂ ਦੇ ਨਜ਼ਰ ਆਉਂਦੇ ਨੇ
0459b56a45def5f92349bf7c,ਜਿਸ ਵਿਚ ਪੁਲਿਸ ਅਤੇ ਫਾਇਰ ਫਾਈਟਰਾਂ ਦੀ ਨਫ਼ਰੀ ਘਟਾਏ ਜਾਣਾ ਵੀ ਤੈਅ ਹੈ
2a91d4412c770f69406b02be,ਇਕ ਗੱਲ ਹੋਰ ਸੌਣ ਵਾਲੇ ਕਮਰੇ ਚ ਸਾਫ ਸੁਥਰੇ ਅਤੇ ਸਲੀਕੇ ਨਾਲ ਸਜੀਆਂ ਤਸਵੀਰਾਂ ਲਗਾਓ
a8334d4fca7aeac8ae81434a,ਸਭ ਘਰਾਂ ਵਿਚ ਵੀ ਦੀਵੇ ਬੁੱਝੇ ਰਹਿਣਗੇ
ee3f7b7b66ed0d5a3ad9a297,ਹੁਣ ਇਨ੍ਹਾਂ ਦੇ ਕੇਸਾਂ ਦੀ ਪੜਚੋਲ ਚੱਲ ਰਹੀ ਹੈ
a20d3dabb7dab3f7b09ff1f0,ਨੇਮ ਵਿਚ ਤਰਮੀਮ ਕਰਨ ਦੀ ਲੋੜ ਹੈ ਜਿਸ ਲਈ ਮਹਿਜ਼ ਨੋਟੀਫਿਕੇਸ਼ਨ ਜਾਰੀ ਕਰਨਾ ਪਵੇਗਾ
633ac5ad910cc7a06b32fb21,ਇਹ ਗੱਲ ਚੋਣਾਂ ਤੋਂ ਬਾਅਦ ਜੱਗ ਜ਼ਾਹਰ ਹੋ ਗਈ
02f4d0ce4430c177dbfb4430,ਇਸ ਪਿੱਛੇ ਕਾਰਨ ਉਸ ਦਾ ਆਰਮੀ ਪਿਛੋਕੜ ਤੋਂ ਹੋਣਾ ਹੈ
fba46c13503f24a71fbdb12d,ਇਸ ਦਾ ਮਕਸਦ ਪੰਜਾਬ ਅਤੇ ਕੈਨੇਡਾ ਵਿਚਲੇ ਆਪਸੀ ਦੋ ਤਰਫਾ ਵਪਾਰ ਨੂੰ ਉਤਸ਼ਾਹ ਦੇਣਾ ਹੈ
fd844e23fb283aefc8794492,ਇਸੇ ਕਰਕੇ ਸਾਡੇ ਦੇਸ਼ ਵਿਚ ਦੁਰਘਟਨਾਵਾਂ ਵਾਪਰਨ ਦਾ ਸਿਲਸਿਲਾ ਬੇਰੁਖ ਤੋਪ ਚੱਲਦਾ ਰਹਿੰਦਾ ਹੈ
5fb9f8fb87717ee73c541315,ਗੁਰੂਨਾਮ ਸਿੰਘ ਵੀ ਨਾਲ ਦੇ ਕਮਰੇ ਵਿਚ ਬੈਠੇ ਸਨ
265b3c034167b4e1e585dbd9,ਵੇਖ ਮਾਸਟਰਾ ਤੇਰਾ ਹਿਸਾਬ ਕਿਤਾਬ ਤਾਂ ਠੀਕ ਆ
164d507f5dd0ff0521545014,ਕਿਸੇ ਦੇ ਧਾਰੀ ਸਾਧ ਸੰਤਾਂ ਦੀ ਥਾਂ ਗੁਰੂ ਗ੍ਰੰਥ ਨੂੰ ਹੀ ਸੀਸ ਨਿਭਾਏਗਾ
6c1dd986b455229d5157719e,ਸ਼ੌਂਕ ਸਲੀਬੀ ਨੱਚਣਾ ਹੁਣ ਸਾਡਾ ਪਲ ਪਹਿਰ ਹੈ
8a7a682eb7fb3952953aa06c,ਵੇਖ ਲੈਂਦਾ ਤਾਂ ਅਗਲੇ ਦਿਨ ਕਾਲਜ ਵਿਚ ਸ਼ਾਮਤ ਆ ਜਾਣੀ ਸੀ
1973c7f85f1ecb2af41f8fd6,ਸਿੰਘ ਸਾਹਿਬ ਨੇ ਰਾਜੋਂ ਆਣਾਂ ਨੂੰ
1d04beb063a526bd97f1140d,ਖਾਣ ਅਤੇ ਸੌਣ ਵਿਚਕਾਰ ਘੱਟੋ ਘੱਟ ਦੋ ਘੰਟਿਆਂ ਦਾ ਫਰਕ ਹੋਣਾ ਚਾਹੀਦਾ ਹੈ
212300acfc43c905bc2a0c9b,ਇਤਿਹਾਸ ਗਵਾਹ ਹੈ ਕਿ ਇਹ ਰੀਤ ਸਿੱਖਾਂ ਲਈ ਸ਼ਕਤੀ ਦਾ ਇਕ ਸੋਮਾ ਹੋ ਨਿਬੜੀ
dabb992ff0f09ec065863982,ਸੰਕੇਤਕ ਭਾਸ਼ਾ ਵਿੱਚ ਇਸ ਫੰਡ ਦਾ ਨਾਂ ਹੈ ਐਲ ਐਮ ਬੀ ਫੰਡ
f7df99f58f02c015e31cf6ea,ਵੇਖੋ ਲੱਲੇ ਦੀ ਹਰ ਸ਼ਬਦ ਵਿਚ ਵਰਤੋਂ
555171c75905eafa31271af3,ਇਸ ਲਈ ਕਿਸੇ ਚੀਜ਼ ਨੂੰ ਬਣਾਉਣ ਪਾਲਣ ਨੂੰ ਵਰੇ ਲੱਗਦੇ ਹਨ
435e51c441fa82ebdd2d7413,ਕੰਪਿਊਟਰ ਕਰਮਚਾਰੀਆਂ ਦੀ ਗਿਣਤੀ ਤੇਜ਼ੀ ਨਾਲ ਵਧ ਰਹੀ ਹੈ
2a8accb85d6b72374af2f3b2,ਇਸ ਗੱਲ ਤੋਂ ਦੋਵਾਂ ਵਿਚ ਰੋਜ਼ਾਨਾ ਝਗੜਾ ਵੀ ਹੁੰਦਾ ਸੀ
eea93b72f344ad1ee44b75f8,ਹੁਣ ਵਿਚਾਰੀਏ ਕਿ ਨੀਚ ਲੇਬਲ ਕੀ ਹੁੰਦਾ ਹੈ
615e45232ff46490fcb87eb0,ਆਓ ਜਾਣਦਿਆਂ ਸਿਤਾਰਿਆਂ ਨਾਲ ਕਿਹੋ ਜਿਹੀ ਰਹੀ ਉਨ੍ਹਾਂ ਦੀ ਫਸਟ ਗੇਟ
cc93df46a1b0fe7188fc1f7e,ਜਰਖੜ ਦੀਆਂ ਖੇਡਾਂ ਦਾ ਆਪਣਾ ਜਲੌਅ ਹੁੰਦੈ
970d14ce0b3cf0e5f55e7cd1,ਕੰਪਨੀ ਨੇ ਪੈਸੇ ਤਾਂ ਦੇ ਦਿੱਤੇ
0177148fa50298603f2c1d1d,ਜਲਸਾ ਮੁਕਦੈ ਤਾਂ ਉਹ ਜੇਤੂ ਅੰਦਾਜ਼ ਵਿਚ ਪਿੰਡ ਮੁੜਦੇ
7d62b137e399ab58eb8a5a46,ਜਦੋਂ ਉਸ ਨੂੰ ਕਸ਼ਮੀਰ ਚੱਲ ਚਲਦੀਆਂ ਗੋਲੀਆਂ ਦੀ ਆਵਾਜ਼ ਆਈ
22db741428de060cf5131a3b,ਤੁਸੀਂ ਪਰਿਵਾਰ ਸਮੇਤ ਪੂਰਾ ਹੁੰਗਾਰਾ ਦਿੰਦੇ ਰਹੇ ਹੋ
7e19278af532b2d05d5e282b,ਇਹ ਟੱਚ ਸਕ੍ਰੀਨ ਵਾਲਾ ਜੀ ਸਮਾਰਟਫੋਨ ਹੈ
00b16d869512ac2829be4e1f,ਇਸ ਦਾ ਮਤਲਬ ਹੋਇਆ ਕਿ ਹਿੰਸਾ ਜਾਰੀ ਰਹੇ
10ad1f3d66e4a1f1ff53eb73,ਸੈਫ ਨੇ ਦੀਪਿਕਾ ਦਾ ਦਿਲ ਦੁਖਾਇਆ
701bb9bf417e47538c4a2c80,ਇਸ ਨੂੰ ਕਾਸਟਿੰਗ ਕਾਊਚ ਕਹਿੰਦੇ ਹਨ
8a81a5f5010a3527383575ec,ਜਿੰਨੇ ਜ਼ਿਆਦਾ ਲੇਖਕ ਪੈਦਾ ਹੋਣਗੇ
d3440beb095ac1e3dac1df67,ਜਾਟਾਂ ਦਾ ਅੰਦੋਲਨ ਪਾਣੀਪਤ ਸਮੇਤ ਕਈ ਹੋਰਨਾਂ ਸ਼ਹਿਰਾਂ ਚ ਵੀ ਫੈਲ ਗਿਆ ਹੈ
